authorid,authorid,
2,1,
3,1,
3,1,
4,1,
4,1,
6,1,
6,1,
7,1,
11,1,
14,1,
15,1,
15,1,
17,1,
19,1,
21,1,
22,1,
22,1,
22,1,
23,1,
25,1,
26,1,
27,1,
28,1,
28,1,
30,1,
31,1,
32,1,
32,1,
34,1,
35,1,
35,1,
35,1,
36,1,
38,1,
39,1,
39,1,
40,1,
40,1,
43,1,
43,1,
43,1,
44,1,
46,1,
47,1,
50,1,
51,1,
51,1,
52,1,
53,1,
54,1,
55,1,
55,1,
55,1,
56,1,
59,1,
61,1,
63,1,
66,1,
66,1,
67,1,
68,1,
68,1,
69,1,
71,1,
71,1,
73,1,
73,1,
74,1,
76,1,
77,1,
78,1,
81,1,
82,1,
84,1,
85,1,
86,1,
93,1,
94,1,
94,1,
96,1,
98,1,
98,1,
98,1,
100,1,
101,1,
102,1,
102,1,
103,1,
104,1,
104,1,
105,1,
106,1,
107,1,
108,1,
108,1,
110,1,
110,1,
111,1,
112,1,
112,1,
112,1,
112,1,
115,1,
118,1,
118,1,
119,1,
119,1,
125,1,
125,1,
128,1,
129,1,
130,1,
130,1,
131,1,
131,1,
132,1,
132,1,
132,1,
133,1,
133,1,
133,1,
134,1,
136,1,
136,1,
137,1,
137,1,
140,1,
140,1,
146,1,
146,1,
147,1,
147,1,
148,1,
148,1,
149,1,
149,1,
149,1,
150,1,
152,1,
152,1,
152,1,
152,1,
154,1,
154,1,
155,1,
156,1,
157,1,
157,1,
158,1,
158,1,
160,1,
160,1,
161,1,
161,1,
162,1,
162,1,
163,1,
163,1,
164,1,
168,1,
169,1,
169,1,
171,1,
171,1,
171,1,
172,1,
172,1,
173,1,
173,1,
174,1,
175,1,
175,1,
175,1,
176,1,
177,1,
179,1,
182,1,
184,1,
184,1,
185,1,
186,1,
186,1,
187,1,
188,1,
188,1,
189,1,
190,1,
192,1,
192,1,
193,1,
193,1,
194,1,
195,1,
196,1,
196,1,
198,1,
199,1,
199,1,
200,1,
202,1,
203,1,
206,1,
207,1,
208,1,
208,1,
208,1,
209,1,
211,1,
211,1,
212,1,
216,1,
217,1,
219,1,
219,1,
221,1,
221,1,
221,1,
221,1,
222,1,
222,1,
223,1,
224,1,
226,1,
228,1,
230,1,
232,1,
232,1,
233,1,
234,1,
234,1,
234,1,
235,1,
235,1,
237,1,
237,1,
237,1,
238,1,
239,1,
240,1,
241,1,
242,1,
243,1,
243,1,
244,1,
244,1,
244,1,
245,1,
247,1,
249,1,
250,1,
250,1,
252,1,
253,1,
255,1,
256,1,
257,1,
257,1,
258,1,
259,1,
264,1,
265,1,
266,1,
267,1,
268,1,
270,1,
270,1,
270,1,
272,1,
274,1,
275,1,
277,1,
277,1,
277,1,
278,1,
278,1,
278,1,
279,1,
282,1,
283,1,
283,1,
284,1,
285,1,
289,1,
291,1,
294,1,
294,1,
295,1,
300,1,
301,1,
301,1,
301,1,
305,1,
305,1,
306,1,
306,1,
306,1,
306,1,
307,1,
307,1,
310,1,
310,1,
311,1,
312,1,
313,1,
313,1,
314,1,
314,1,
315,1,
316,1,
317,1,
317,1,
317,1,
318,1,
320,1,
323,1,
325,1,
325,1,
326,1,
328,1,
329,1,
329,1,
330,1,
330,1,
332,1,
332,1,
336,1,
336,1,
337,1,
338,1,
338,1,
342,1,
344,1,
345,1,
346,1,
349,1,
349,1,
350,1,
350,1,
351,1,
354,1,
354,1,
357,1,
358,1,
358,1,
358,1,
360,1,
360,1,
361,1,
361,1,
363,1,
363,1,
363,1,
364,1,
365,1,
369,1,
370,1,
371,1,
375,1,
375,1,
376,1,
383,1,
384,1,
385,1,
385,1,
386,1,
387,1,
387,1,
388,1,
389,1,
389,1,
393,1,
393,1,
393,1,
393,1,
394,1,
395,1,
395,1,
396,1,
396,1,
398,1,
399,1,
400,1,
400,1,
401,1,
401,1,
402,1,
403,1,
403,1,
406,1,
407,1,
411,1,
413,1,
417,1,
418,1,
418,1,
418,1,
419,1,
420,1,
420,1,
420,1,
421,1,
421,1,
421,1,
421,1,
421,1,
422,1,
422,1,
425,1,
425,1,
428,1,
429,1,
430,1,
430,1,
430,1,
431,1,
431,1,
431,1,
432,1,
434,1,
434,1,
434,1,
436,1,
436,1,
437,1,
438,1,
439,1,
440,1,
441,1,
442,1,
443,1,
446,1,
448,1,
448,1,
449,1,
450,1,
451,1,
451,1,
454,1,
455,1,
456,1,
457,1,
462,1,
463,1,
463,1,
464,1,
465,1,
466,1,
466,1,
468,1,
468,1,
469,1,
470,1,
470,1,
472,1,
473,1,
473,1,
474,1,
475,1,
476,1,
477,1,
479,1,
481,1,
481,1,
483,1,
483,1,
483,1,
484,1,
486,1,
488,1,
488,1,
489,1,
491,1,
491,1,
495,1,
495,1,
495,1,
497,1,
499,1,
499,1,
501,1,
501,1,
503,1,
507,1,
508,1,
509,1,
510,1,
510,1,
510,1,
511,1,
512,1,
512,1,
512,1,
513,1,
516,1,
516,1,
516,1,
517,1,
517,1,
518,1,
518,1,
518,1,
518,1,
519,1,
519,1,
520,1,
521,1,
524,1,
526,1,
526,1,
526,1,
528,1,
529,1,
530,1,
532,1,
532,1,
532,1,
534,1,
535,1,
536,1,
537,1,
537,1,
538,1,
540,1,
540,1,
541,1,
541,1,
541,1,
542,1,
542,1,
543,1,
544,1,
544,1,
544,1,
544,1,
545,1,
545,1,
547,1,
547,1,
548,1,
548,1,
548,1,
548,1,
549,1,
549,1,
552,1,
552,1,
552,1,
553,1,
555,1,
556,1,
556,1,
557,1,
557,1,
557,1,
559,1,
560,1,
561,1,
562,1,
563,1,
567,1,
567,1,
568,1,
569,1,
569,1,
571,1,
572,1,
573,1,
574,1,
575,1,
579,1,
580,1,
581,1,
581,1,
582,1,
582,1,
582,1,
584,1,
584,1,
585,1,
586,1,
586,1,
586,1,
587,1,
588,1,
589,1,
589,1,
590,1,
591,1,
591,1,
591,1,
591,1,
592,1,
593,1,
593,1,
596,1,
597,1,
597,1,
597,1,
599,1,
601,1,
601,1,
603,1,
603,1,
603,1,
607,1,
608,1,
609,1,
610,1,
610,1,
611,1,
611,1,
611,1,
613,1,
613,1,
614,1,
614,1,
615,1,
615,1,
615,1,
616,1,
619,1,
619,1,
620,1,
620,1,
620,1,
621,1,
624,1,
624,1,
624,1,
626,1,
626,1,
626,1,
628,1,
628,1,
630,1,
631,1,
631,1,
632,1,
633,1,
636,1,
637,1,
638,1,
638,1,
640,1,
640,1,
640,1,
641,1,
641,1,
642,1,
645,1,
647,1,
649,1,
649,1,
649,1,
650,1,
651,1,
651,1,
653,1,
656,1,
656,1,
657,1,
658,1,
658,1,
659,1,
660,1,
661,1,
661,1,
661,1,
662,1,
662,1,
663,1,
664,1,
665,1,
665,1,
666,1,
666,1,
667,1,
668,1,
668,1,
668,1,
669,1,
669,1,
672,1,
673,1,
673,1,
674,1,
675,1,
676,1,
676,1,
676,1,
676,1,
677,1,
677,1,
678,1,
679,1,
680,1,
681,1,
683,1,
684,1,
684,1,
688,1,
688,1,
689,1,
689,1,
690,1,
690,1,
694,1,
694,1,
697,1,
698,1,
701,1,
705,1,
706,1,
707,1,
708,1,
709,1,
710,1,
711,1,
711,1,
714,1,
714,1,
717,1,
723,1,
723,1,
724,1,
725,1,
727,1,
730,1,
732,1,
734,1,
738,1,
740,1,
743,1,
743,1,
743,1,
745,1,
747,1,
748,1,
752,1,
752,1,
753,1,
756,1,
756,1,
756,1,
757,1,
758,1,
759,1,
760,1,
760,1,
761,1,
761,1,
762,1,
763,1,
767,1,
770,1,
770,1,
771,1,
771,1,
772,1,
773,1,
775,1,
776,1,
776,1,
777,1,
777,1,
782,1,
784,1,
785,1,
787,1,
790,1,
791,1,
792,1,
793,1,
794,1,
794,1,
796,1,
796,1,
798,1,
799,1,
799,1,
800,1,
800,1,
800,1,
801,1,
801,1,
802,1,
803,1,
804,1,
804,1,
805,1,
805,1,
806,1,
807,1,
808,1,
809,1,
809,1,
809,1,
809,1,
809,1,
812,1,
813,1,
814,1,
815,1,
817,1,
817,1,
818,1,
818,1,
819,1,
819,1,
819,1,
820,1,
821,1,
821,1,
822,1,
827,1,
828,1,
828,1,
829,1,
831,1,
832,1,
833,1,
835,1,
835,1,
836,1,
836,1,
836,1,
837,1,
842,1,
842,1,
842,1,
843,1,
844,1,
844,1,
846,1,
846,1,
847,1,
847,1,
847,1,
849,1,
849,1,
851,1,
854,1,
854,1,
854,1,
855,1,
856,1,
857,1,
857,1,
858,1,
858,1,
859,1,
860,1,
860,1,
860,1,
861,1,
863,1,
864,1,
865,1,
866,1,
866,1,
866,1,
867,1,
868,1,
868,1,
869,1,
870,1,
871,1,
874,1,
874,1,
874,1,
878,1,
879,1,
881,1,
883,1,
885,1,
887,1,
890,1,
890,1,
891,1,
891,1,
891,1,
892,1,
892,1,
893,1,
894,1,
894,1,
897,1,
897,1,
899,1,
899,1,
900,1,
901,1,
902,1,
905,1,
907,1,
908,1,
909,1,
910,1,
910,1,
910,1,
910,1,
912,1,
913,1,
913,1,
914,1,
914,1,
915,1,
917,1,
919,1,
921,1,
921,1,
922,1,
923,1,
923,1,
924,1,
925,1,
926,1,
926,1,
926,1,
926,1,
928,1,
929,1,
929,1,
930,1,
930,1,
931,1,
932,1,
933,1,
933,1,
933,1,
933,1,
934,1,
936,1,
937,1,
939,1,
939,1,
940,1,
941,1,
942,1,
942,1,
943,1,
944,1,
944,1,
944,1,
945,1,
946,1,
946,1,
946,1,
947,1,
949,1,
949,1,
951,1,
951,1,
952,1,
952,1,
952,1,
954,1,
957,1,
957,1,
959,1,
960,1,
960,1,
961,1,
961,1,
962,1,
965,1,
965,1,
966,1,
968,1,
969,1,
969,1,
970,1,
970,1,
971,1,
974,1,
976,1,
976,1,
977,1,
977,1,
978,1,
979,1,
979,1,
981,1,
981,1,
982,1,
982,1,
984,1,
987,1,
987,1,
988,1,
989,1,
990,1,
990,1,
990,1,
990,1,
991,1,
993,1,
998,1,
998,1,
3,2,
3,2,
4,2,
4,2,
6,2,
6,2,
7,2,
11,2,
14,2,
15,2,
15,2,
17,2,
19,2,
21,2,
22,2,
22,2,
22,2,
23,2,
25,2,
26,2,
27,2,
28,2,
28,2,
30,2,
31,2,
32,2,
32,2,
34,2,
35,2,
35,2,
35,2,
36,2,
38,2,
39,2,
39,2,
40,2,
40,2,
43,2,
43,2,
43,2,
44,2,
46,2,
47,2,
50,2,
51,2,
51,2,
52,2,
53,2,
54,2,
55,2,
55,2,
55,2,
56,2,
59,2,
61,2,
63,2,
66,2,
66,2,
67,2,
68,2,
68,2,
69,2,
71,2,
71,2,
73,2,
73,2,
74,2,
76,2,
77,2,
78,2,
81,2,
82,2,
84,2,
85,2,
86,2,
93,2,
94,2,
94,2,
96,2,
98,2,
98,2,
98,2,
100,2,
101,2,
102,2,
102,2,
103,2,
104,2,
104,2,
105,2,
106,2,
107,2,
108,2,
108,2,
110,2,
110,2,
111,2,
112,2,
112,2,
112,2,
112,2,
115,2,
118,2,
118,2,
119,2,
119,2,
125,2,
125,2,
128,2,
129,2,
130,2,
130,2,
131,2,
131,2,
132,2,
132,2,
132,2,
133,2,
133,2,
133,2,
134,2,
136,2,
136,2,
137,2,
137,2,
140,2,
140,2,
146,2,
146,2,
147,2,
147,2,
148,2,
148,2,
149,2,
149,2,
149,2,
150,2,
152,2,
152,2,
152,2,
152,2,
154,2,
154,2,
155,2,
156,2,
157,2,
157,2,
158,2,
158,2,
160,2,
160,2,
161,2,
161,2,
162,2,
162,2,
163,2,
163,2,
164,2,
168,2,
169,2,
169,2,
171,2,
171,2,
171,2,
172,2,
172,2,
173,2,
173,2,
174,2,
175,2,
175,2,
175,2,
176,2,
177,2,
179,2,
182,2,
184,2,
184,2,
185,2,
186,2,
186,2,
187,2,
188,2,
188,2,
189,2,
190,2,
192,2,
192,2,
193,2,
193,2,
194,2,
195,2,
196,2,
196,2,
198,2,
199,2,
199,2,
200,2,
202,2,
203,2,
206,2,
207,2,
208,2,
208,2,
208,2,
209,2,
211,2,
211,2,
212,2,
216,2,
217,2,
219,2,
219,2,
221,2,
221,2,
221,2,
221,2,
222,2,
222,2,
223,2,
224,2,
226,2,
228,2,
230,2,
232,2,
232,2,
233,2,
234,2,
234,2,
234,2,
235,2,
235,2,
237,2,
237,2,
237,2,
238,2,
239,2,
240,2,
241,2,
242,2,
243,2,
243,2,
244,2,
244,2,
244,2,
245,2,
247,2,
249,2,
250,2,
250,2,
252,2,
253,2,
255,2,
256,2,
257,2,
257,2,
258,2,
259,2,
264,2,
265,2,
266,2,
267,2,
268,2,
270,2,
270,2,
270,2,
272,2,
274,2,
275,2,
277,2,
277,2,
277,2,
278,2,
278,2,
278,2,
279,2,
282,2,
283,2,
283,2,
284,2,
285,2,
289,2,
291,2,
294,2,
294,2,
295,2,
300,2,
301,2,
301,2,
301,2,
305,2,
305,2,
306,2,
306,2,
306,2,
306,2,
307,2,
307,2,
310,2,
310,2,
311,2,
312,2,
313,2,
313,2,
314,2,
314,2,
315,2,
316,2,
317,2,
317,2,
317,2,
318,2,
320,2,
323,2,
325,2,
325,2,
326,2,
328,2,
329,2,
329,2,
330,2,
330,2,
332,2,
332,2,
336,2,
336,2,
337,2,
338,2,
338,2,
342,2,
344,2,
345,2,
346,2,
349,2,
349,2,
350,2,
350,2,
351,2,
354,2,
354,2,
357,2,
358,2,
358,2,
358,2,
360,2,
360,2,
361,2,
361,2,
363,2,
363,2,
363,2,
364,2,
365,2,
369,2,
370,2,
371,2,
375,2,
375,2,
376,2,
383,2,
384,2,
385,2,
385,2,
386,2,
387,2,
387,2,
388,2,
389,2,
389,2,
393,2,
393,2,
393,2,
393,2,
394,2,
395,2,
395,2,
396,2,
396,2,
398,2,
399,2,
400,2,
400,2,
401,2,
401,2,
402,2,
403,2,
403,2,
406,2,
407,2,
411,2,
413,2,
417,2,
418,2,
418,2,
418,2,
419,2,
420,2,
420,2,
420,2,
421,2,
421,2,
421,2,
421,2,
421,2,
422,2,
422,2,
425,2,
425,2,
428,2,
429,2,
430,2,
430,2,
430,2,
431,2,
431,2,
431,2,
432,2,
434,2,
434,2,
434,2,
436,2,
436,2,
437,2,
438,2,
439,2,
440,2,
441,2,
442,2,
443,2,
446,2,
448,2,
448,2,
449,2,
450,2,
451,2,
451,2,
454,2,
455,2,
456,2,
457,2,
462,2,
463,2,
463,2,
464,2,
465,2,
466,2,
466,2,
468,2,
468,2,
469,2,
470,2,
470,2,
472,2,
473,2,
473,2,
474,2,
475,2,
476,2,
477,2,
479,2,
481,2,
481,2,
483,2,
483,2,
483,2,
484,2,
486,2,
488,2,
488,2,
489,2,
491,2,
491,2,
495,2,
495,2,
495,2,
497,2,
499,2,
499,2,
501,2,
501,2,
503,2,
507,2,
508,2,
509,2,
510,2,
510,2,
510,2,
511,2,
512,2,
512,2,
512,2,
513,2,
516,2,
516,2,
516,2,
517,2,
517,2,
518,2,
518,2,
518,2,
518,2,
519,2,
519,2,
520,2,
521,2,
524,2,
526,2,
526,2,
526,2,
528,2,
529,2,
530,2,
532,2,
532,2,
532,2,
534,2,
535,2,
536,2,
537,2,
537,2,
538,2,
540,2,
540,2,
541,2,
541,2,
541,2,
542,2,
542,2,
543,2,
544,2,
544,2,
544,2,
544,2,
545,2,
545,2,
547,2,
547,2,
548,2,
548,2,
548,2,
548,2,
549,2,
549,2,
552,2,
552,2,
552,2,
553,2,
555,2,
556,2,
556,2,
557,2,
557,2,
557,2,
559,2,
560,2,
561,2,
562,2,
563,2,
567,2,
567,2,
568,2,
569,2,
569,2,
571,2,
572,2,
573,2,
574,2,
575,2,
579,2,
580,2,
581,2,
581,2,
582,2,
582,2,
582,2,
584,2,
584,2,
585,2,
586,2,
586,2,
586,2,
587,2,
588,2,
589,2,
589,2,
590,2,
591,2,
591,2,
591,2,
591,2,
592,2,
593,2,
593,2,
596,2,
597,2,
597,2,
597,2,
599,2,
601,2,
601,2,
603,2,
603,2,
603,2,
607,2,
608,2,
609,2,
610,2,
610,2,
611,2,
611,2,
611,2,
613,2,
613,2,
614,2,
614,2,
615,2,
615,2,
615,2,
616,2,
619,2,
619,2,
620,2,
620,2,
620,2,
621,2,
624,2,
624,2,
624,2,
626,2,
626,2,
626,2,
628,2,
628,2,
630,2,
631,2,
631,2,
632,2,
633,2,
636,2,
637,2,
638,2,
638,2,
640,2,
640,2,
640,2,
641,2,
641,2,
642,2,
645,2,
647,2,
649,2,
649,2,
649,2,
650,2,
651,2,
651,2,
653,2,
656,2,
656,2,
657,2,
658,2,
658,2,
659,2,
660,2,
661,2,
661,2,
661,2,
662,2,
662,2,
663,2,
664,2,
665,2,
665,2,
666,2,
666,2,
667,2,
668,2,
668,2,
668,2,
669,2,
669,2,
672,2,
673,2,
673,2,
674,2,
675,2,
676,2,
676,2,
676,2,
676,2,
677,2,
677,2,
678,2,
679,2,
680,2,
681,2,
683,2,
684,2,
684,2,
688,2,
688,2,
689,2,
689,2,
690,2,
690,2,
694,2,
694,2,
697,2,
698,2,
701,2,
705,2,
706,2,
707,2,
708,2,
709,2,
710,2,
711,2,
711,2,
714,2,
714,2,
717,2,
723,2,
723,2,
724,2,
725,2,
727,2,
730,2,
732,2,
734,2,
738,2,
740,2,
743,2,
743,2,
743,2,
745,2,
747,2,
748,2,
752,2,
752,2,
753,2,
756,2,
756,2,
756,2,
757,2,
758,2,
759,2,
760,2,
760,2,
761,2,
761,2,
762,2,
763,2,
767,2,
770,2,
770,2,
771,2,
771,2,
772,2,
773,2,
775,2,
776,2,
776,2,
777,2,
777,2,
782,2,
784,2,
785,2,
787,2,
790,2,
791,2,
792,2,
793,2,
794,2,
794,2,
796,2,
796,2,
798,2,
799,2,
799,2,
800,2,
800,2,
800,2,
801,2,
801,2,
802,2,
803,2,
804,2,
804,2,
805,2,
805,2,
806,2,
807,2,
808,2,
809,2,
809,2,
809,2,
809,2,
809,2,
812,2,
813,2,
814,2,
815,2,
817,2,
817,2,
818,2,
818,2,
819,2,
819,2,
819,2,
820,2,
821,2,
821,2,
822,2,
827,2,
828,2,
828,2,
829,2,
831,2,
832,2,
833,2,
835,2,
835,2,
836,2,
836,2,
836,2,
837,2,
842,2,
842,2,
842,2,
843,2,
844,2,
844,2,
846,2,
846,2,
847,2,
847,2,
847,2,
849,2,
849,2,
851,2,
854,2,
854,2,
854,2,
855,2,
856,2,
857,2,
857,2,
858,2,
858,2,
859,2,
860,2,
860,2,
860,2,
861,2,
863,2,
864,2,
865,2,
866,2,
866,2,
866,2,
867,2,
868,2,
868,2,
869,2,
870,2,
871,2,
874,2,
874,2,
874,2,
878,2,
879,2,
881,2,
883,2,
885,2,
887,2,
890,2,
890,2,
891,2,
891,2,
891,2,
892,2,
892,2,
893,2,
894,2,
894,2,
897,2,
897,2,
899,2,
899,2,
900,2,
901,2,
902,2,
905,2,
907,2,
908,2,
909,2,
910,2,
910,2,
910,2,
910,2,
912,2,
913,2,
913,2,
914,2,
914,2,
915,2,
917,2,
919,2,
921,2,
921,2,
922,2,
923,2,
923,2,
924,2,
925,2,
926,2,
926,2,
926,2,
926,2,
928,2,
929,2,
929,2,
930,2,
930,2,
931,2,
932,2,
933,2,
933,2,
933,2,
933,2,
934,2,
936,2,
937,2,
939,2,
939,2,
940,2,
941,2,
942,2,
942,2,
943,2,
944,2,
944,2,
944,2,
945,2,
946,2,
946,2,
946,2,
947,2,
949,2,
949,2,
951,2,
951,2,
952,2,
952,2,
952,2,
954,2,
957,2,
957,2,
959,2,
960,2,
960,2,
961,2,
961,2,
962,2,
965,2,
965,2,
966,2,
968,2,
969,2,
969,2,
970,2,
970,2,
971,2,
974,2,
976,2,
976,2,
977,2,
977,2,
978,2,
979,2,
979,2,
981,2,
981,2,
982,2,
982,2,
984,2,
987,2,
987,2,
988,2,
989,2,
990,2,
990,2,
990,2,
990,2,
991,2,
993,2,
998,2,
998,2,
4,3,
4,3,
6,3,
6,3,
7,3,
11,3,
14,3,
15,3,
15,3,
17,3,
19,3,
21,3,
22,3,
22,3,
22,3,
23,3,
25,3,
26,3,
27,3,
28,3,
28,3,
30,3,
31,3,
32,3,
32,3,
34,3,
35,3,
35,3,
35,3,
36,3,
38,3,
39,3,
39,3,
40,3,
40,3,
43,3,
43,3,
43,3,
44,3,
46,3,
47,3,
50,3,
51,3,
51,3,
52,3,
53,3,
54,3,
55,3,
55,3,
55,3,
56,3,
59,3,
61,3,
63,3,
66,3,
66,3,
67,3,
68,3,
68,3,
69,3,
71,3,
71,3,
73,3,
73,3,
74,3,
76,3,
77,3,
78,3,
81,3,
82,3,
84,3,
85,3,
86,3,
93,3,
94,3,
94,3,
96,3,
98,3,
98,3,
98,3,
100,3,
101,3,
102,3,
102,3,
103,3,
104,3,
104,3,
105,3,
106,3,
107,3,
108,3,
108,3,
110,3,
110,3,
111,3,
112,3,
112,3,
112,3,
112,3,
115,3,
118,3,
118,3,
119,3,
119,3,
125,3,
125,3,
128,3,
129,3,
130,3,
130,3,
131,3,
131,3,
132,3,
132,3,
132,3,
133,3,
133,3,
133,3,
134,3,
136,3,
136,3,
137,3,
137,3,
140,3,
140,3,
146,3,
146,3,
147,3,
147,3,
148,3,
148,3,
149,3,
149,3,
149,3,
150,3,
152,3,
152,3,
152,3,
152,3,
154,3,
154,3,
155,3,
156,3,
157,3,
157,3,
158,3,
158,3,
160,3,
160,3,
161,3,
161,3,
162,3,
162,3,
163,3,
163,3,
164,3,
168,3,
169,3,
169,3,
171,3,
171,3,
171,3,
172,3,
172,3,
173,3,
173,3,
174,3,
175,3,
175,3,
175,3,
176,3,
177,3,
179,3,
182,3,
184,3,
184,3,
185,3,
186,3,
186,3,
187,3,
188,3,
188,3,
189,3,
190,3,
192,3,
192,3,
193,3,
193,3,
194,3,
195,3,
196,3,
196,3,
198,3,
199,3,
199,3,
200,3,
202,3,
203,3,
206,3,
207,3,
208,3,
208,3,
208,3,
209,3,
211,3,
211,3,
212,3,
216,3,
217,3,
219,3,
219,3,
221,3,
221,3,
221,3,
221,3,
222,3,
222,3,
223,3,
224,3,
226,3,
228,3,
230,3,
232,3,
232,3,
233,3,
234,3,
234,3,
234,3,
235,3,
235,3,
237,3,
237,3,
237,3,
238,3,
239,3,
240,3,
241,3,
242,3,
243,3,
243,3,
244,3,
244,3,
244,3,
245,3,
247,3,
249,3,
250,3,
250,3,
252,3,
253,3,
255,3,
256,3,
257,3,
257,3,
258,3,
259,3,
264,3,
265,3,
266,3,
267,3,
268,3,
270,3,
270,3,
270,3,
272,3,
274,3,
275,3,
277,3,
277,3,
277,3,
278,3,
278,3,
278,3,
279,3,
282,3,
283,3,
283,3,
284,3,
285,3,
289,3,
291,3,
294,3,
294,3,
295,3,
300,3,
301,3,
301,3,
301,3,
305,3,
305,3,
306,3,
306,3,
306,3,
306,3,
307,3,
307,3,
310,3,
310,3,
311,3,
312,3,
313,3,
313,3,
314,3,
314,3,
315,3,
316,3,
317,3,
317,3,
317,3,
318,3,
320,3,
323,3,
325,3,
325,3,
326,3,
328,3,
329,3,
329,3,
330,3,
330,3,
332,3,
332,3,
336,3,
336,3,
337,3,
338,3,
338,3,
342,3,
344,3,
345,3,
346,3,
349,3,
349,3,
350,3,
350,3,
351,3,
354,3,
354,3,
357,3,
358,3,
358,3,
358,3,
360,3,
360,3,
361,3,
361,3,
363,3,
363,3,
363,3,
364,3,
365,3,
369,3,
370,3,
371,3,
375,3,
375,3,
376,3,
383,3,
384,3,
385,3,
385,3,
386,3,
387,3,
387,3,
388,3,
389,3,
389,3,
393,3,
393,3,
393,3,
393,3,
394,3,
395,3,
395,3,
396,3,
396,3,
398,3,
399,3,
400,3,
400,3,
401,3,
401,3,
402,3,
403,3,
403,3,
406,3,
407,3,
411,3,
413,3,
417,3,
418,3,
418,3,
418,3,
419,3,
420,3,
420,3,
420,3,
421,3,
421,3,
421,3,
421,3,
421,3,
422,3,
422,3,
425,3,
425,3,
428,3,
429,3,
430,3,
430,3,
430,3,
431,3,
431,3,
431,3,
432,3,
434,3,
434,3,
434,3,
436,3,
436,3,
437,3,
438,3,
439,3,
440,3,
441,3,
442,3,
443,3,
446,3,
448,3,
448,3,
449,3,
450,3,
451,3,
451,3,
454,3,
455,3,
456,3,
457,3,
462,3,
463,3,
463,3,
464,3,
465,3,
466,3,
466,3,
468,3,
468,3,
469,3,
470,3,
470,3,
472,3,
473,3,
473,3,
474,3,
475,3,
476,3,
477,3,
479,3,
481,3,
481,3,
483,3,
483,3,
483,3,
484,3,
486,3,
488,3,
488,3,
489,3,
491,3,
491,3,
495,3,
495,3,
495,3,
497,3,
499,3,
499,3,
501,3,
501,3,
503,3,
507,3,
508,3,
509,3,
510,3,
510,3,
510,3,
511,3,
512,3,
512,3,
512,3,
513,3,
516,3,
516,3,
516,3,
517,3,
517,3,
518,3,
518,3,
518,3,
518,3,
519,3,
519,3,
520,3,
521,3,
524,3,
526,3,
526,3,
526,3,
528,3,
529,3,
530,3,
532,3,
532,3,
532,3,
534,3,
535,3,
536,3,
537,3,
537,3,
538,3,
540,3,
540,3,
541,3,
541,3,
541,3,
542,3,
542,3,
543,3,
544,3,
544,3,
544,3,
544,3,
545,3,
545,3,
547,3,
547,3,
548,3,
548,3,
548,3,
548,3,
549,3,
549,3,
552,3,
552,3,
552,3,
553,3,
555,3,
556,3,
556,3,
557,3,
557,3,
557,3,
559,3,
560,3,
561,3,
562,3,
563,3,
567,3,
567,3,
568,3,
569,3,
569,3,
571,3,
572,3,
573,3,
574,3,
575,3,
579,3,
580,3,
581,3,
581,3,
582,3,
582,3,
582,3,
584,3,
584,3,
585,3,
586,3,
586,3,
586,3,
587,3,
588,3,
589,3,
589,3,
590,3,
591,3,
591,3,
591,3,
591,3,
592,3,
593,3,
593,3,
596,3,
597,3,
597,3,
597,3,
599,3,
601,3,
601,3,
603,3,
603,3,
603,3,
607,3,
608,3,
609,3,
610,3,
610,3,
611,3,
611,3,
611,3,
613,3,
613,3,
614,3,
614,3,
615,3,
615,3,
615,3,
616,3,
619,3,
619,3,
620,3,
620,3,
620,3,
621,3,
624,3,
624,3,
624,3,
626,3,
626,3,
626,3,
628,3,
628,3,
630,3,
631,3,
631,3,
632,3,
633,3,
636,3,
637,3,
638,3,
638,3,
640,3,
640,3,
640,3,
641,3,
641,3,
642,3,
645,3,
647,3,
649,3,
649,3,
649,3,
650,3,
651,3,
651,3,
653,3,
656,3,
656,3,
657,3,
658,3,
658,3,
659,3,
660,3,
661,3,
661,3,
661,3,
662,3,
662,3,
663,3,
664,3,
665,3,
665,3,
666,3,
666,3,
667,3,
668,3,
668,3,
668,3,
669,3,
669,3,
672,3,
673,3,
673,3,
674,3,
675,3,
676,3,
676,3,
676,3,
676,3,
677,3,
677,3,
678,3,
679,3,
680,3,
681,3,
683,3,
684,3,
684,3,
688,3,
688,3,
689,3,
689,3,
690,3,
690,3,
694,3,
694,3,
697,3,
698,3,
701,3,
705,3,
706,3,
707,3,
708,3,
709,3,
710,3,
711,3,
711,3,
714,3,
714,3,
717,3,
723,3,
723,3,
724,3,
725,3,
727,3,
730,3,
732,3,
734,3,
738,3,
740,3,
743,3,
743,3,
743,3,
745,3,
747,3,
748,3,
752,3,
752,3,
753,3,
756,3,
756,3,
756,3,
757,3,
758,3,
759,3,
760,3,
760,3,
761,3,
761,3,
762,3,
763,3,
767,3,
770,3,
770,3,
771,3,
771,3,
772,3,
773,3,
775,3,
776,3,
776,3,
777,3,
777,3,
782,3,
784,3,
785,3,
787,3,
790,3,
791,3,
792,3,
793,3,
794,3,
794,3,
796,3,
796,3,
798,3,
799,3,
799,3,
800,3,
800,3,
800,3,
801,3,
801,3,
802,3,
803,3,
804,3,
804,3,
805,3,
805,3,
806,3,
807,3,
808,3,
809,3,
809,3,
809,3,
809,3,
809,3,
812,3,
813,3,
814,3,
815,3,
817,3,
817,3,
818,3,
818,3,
819,3,
819,3,
819,3,
820,3,
821,3,
821,3,
822,3,
827,3,
828,3,
828,3,
829,3,
831,3,
832,3,
833,3,
835,3,
835,3,
836,3,
836,3,
836,3,
837,3,
842,3,
842,3,
842,3,
843,3,
844,3,
844,3,
846,3,
846,3,
847,3,
847,3,
847,3,
849,3,
849,3,
851,3,
854,3,
854,3,
854,3,
855,3,
856,3,
857,3,
857,3,
858,3,
858,3,
859,3,
860,3,
860,3,
860,3,
861,3,
863,3,
864,3,
865,3,
866,3,
866,3,
866,3,
867,3,
868,3,
868,3,
869,3,
870,3,
871,3,
874,3,
874,3,
874,3,
878,3,
879,3,
881,3,
883,3,
885,3,
887,3,
890,3,
890,3,
891,3,
891,3,
891,3,
892,3,
892,3,
893,3,
894,3,
894,3,
897,3,
897,3,
899,3,
899,3,
900,3,
901,3,
902,3,
905,3,
907,3,
908,3,
909,3,
910,3,
910,3,
910,3,
910,3,
912,3,
913,3,
913,3,
914,3,
914,3,
915,3,
917,3,
919,3,
921,3,
921,3,
922,3,
923,3,
923,3,
924,3,
925,3,
926,3,
926,3,
926,3,
926,3,
928,3,
929,3,
929,3,
930,3,
930,3,
931,3,
932,3,
933,3,
933,3,
933,3,
933,3,
934,3,
936,3,
937,3,
939,3,
939,3,
940,3,
941,3,
942,3,
942,3,
943,3,
944,3,
944,3,
944,3,
945,3,
946,3,
946,3,
946,3,
947,3,
949,3,
949,3,
951,3,
951,3,
952,3,
952,3,
952,3,
954,3,
957,3,
957,3,
959,3,
960,3,
960,3,
961,3,
961,3,
962,3,
965,3,
965,3,
966,3,
968,3,
969,3,
969,3,
970,3,
970,3,
971,3,
974,3,
976,3,
976,3,
977,3,
977,3,
978,3,
979,3,
979,3,
981,3,
981,3,
982,3,
982,3,
984,3,
987,3,
987,3,
988,3,
989,3,
990,3,
990,3,
990,3,
990,3,
991,3,
993,3,
998,3,
998,3,
6,4,
6,4,
7,4,
11,4,
14,4,
15,4,
15,4,
17,4,
19,4,
21,4,
22,4,
22,4,
22,4,
23,4,
25,4,
26,4,
27,4,
28,4,
28,4,
30,4,
31,4,
32,4,
32,4,
34,4,
35,4,
35,4,
35,4,
36,4,
38,4,
39,4,
39,4,
40,4,
40,4,
43,4,
43,4,
43,4,
44,4,
46,4,
47,4,
50,4,
51,4,
51,4,
52,4,
53,4,
54,4,
55,4,
55,4,
55,4,
56,4,
59,4,
61,4,
63,4,
66,4,
66,4,
67,4,
68,4,
68,4,
69,4,
71,4,
71,4,
73,4,
73,4,
74,4,
76,4,
77,4,
78,4,
81,4,
82,4,
84,4,
85,4,
86,4,
93,4,
94,4,
94,4,
96,4,
98,4,
98,4,
98,4,
100,4,
101,4,
102,4,
102,4,
103,4,
104,4,
104,4,
105,4,
106,4,
107,4,
108,4,
108,4,
110,4,
110,4,
111,4,
112,4,
112,4,
112,4,
112,4,
115,4,
118,4,
118,4,
119,4,
119,4,
125,4,
125,4,
128,4,
129,4,
130,4,
130,4,
131,4,
131,4,
132,4,
132,4,
132,4,
133,4,
133,4,
133,4,
134,4,
136,4,
136,4,
137,4,
137,4,
140,4,
140,4,
146,4,
146,4,
147,4,
147,4,
148,4,
148,4,
149,4,
149,4,
149,4,
150,4,
152,4,
152,4,
152,4,
152,4,
154,4,
154,4,
155,4,
156,4,
157,4,
157,4,
158,4,
158,4,
160,4,
160,4,
161,4,
161,4,
162,4,
162,4,
163,4,
163,4,
164,4,
168,4,
169,4,
169,4,
171,4,
171,4,
171,4,
172,4,
172,4,
173,4,
173,4,
174,4,
175,4,
175,4,
175,4,
176,4,
177,4,
179,4,
182,4,
184,4,
184,4,
185,4,
186,4,
186,4,
187,4,
188,4,
188,4,
189,4,
190,4,
192,4,
192,4,
193,4,
193,4,
194,4,
195,4,
196,4,
196,4,
198,4,
199,4,
199,4,
200,4,
202,4,
203,4,
206,4,
207,4,
208,4,
208,4,
208,4,
209,4,
211,4,
211,4,
212,4,
216,4,
217,4,
219,4,
219,4,
221,4,
221,4,
221,4,
221,4,
222,4,
222,4,
223,4,
224,4,
226,4,
228,4,
230,4,
232,4,
232,4,
233,4,
234,4,
234,4,
234,4,
235,4,
235,4,
237,4,
237,4,
237,4,
238,4,
239,4,
240,4,
241,4,
242,4,
243,4,
243,4,
244,4,
244,4,
244,4,
245,4,
247,4,
249,4,
250,4,
250,4,
252,4,
253,4,
255,4,
256,4,
257,4,
257,4,
258,4,
259,4,
264,4,
265,4,
266,4,
267,4,
268,4,
270,4,
270,4,
270,4,
272,4,
274,4,
275,4,
277,4,
277,4,
277,4,
278,4,
278,4,
278,4,
279,4,
282,4,
283,4,
283,4,
284,4,
285,4,
289,4,
291,4,
294,4,
294,4,
295,4,
300,4,
301,4,
301,4,
301,4,
305,4,
305,4,
306,4,
306,4,
306,4,
306,4,
307,4,
307,4,
310,4,
310,4,
311,4,
312,4,
313,4,
313,4,
314,4,
314,4,
315,4,
316,4,
317,4,
317,4,
317,4,
318,4,
320,4,
323,4,
325,4,
325,4,
326,4,
328,4,
329,4,
329,4,
330,4,
330,4,
332,4,
332,4,
336,4,
336,4,
337,4,
338,4,
338,4,
342,4,
344,4,
345,4,
346,4,
349,4,
349,4,
350,4,
350,4,
351,4,
354,4,
354,4,
357,4,
358,4,
358,4,
358,4,
360,4,
360,4,
361,4,
361,4,
363,4,
363,4,
363,4,
364,4,
365,4,
369,4,
370,4,
371,4,
375,4,
375,4,
376,4,
383,4,
384,4,
385,4,
385,4,
386,4,
387,4,
387,4,
388,4,
389,4,
389,4,
393,4,
393,4,
393,4,
393,4,
394,4,
395,4,
395,4,
396,4,
396,4,
398,4,
399,4,
400,4,
400,4,
401,4,
401,4,
402,4,
403,4,
403,4,
406,4,
407,4,
411,4,
413,4,
417,4,
418,4,
418,4,
418,4,
419,4,
420,4,
420,4,
420,4,
421,4,
421,4,
421,4,
421,4,
421,4,
422,4,
422,4,
425,4,
425,4,
428,4,
429,4,
430,4,
430,4,
430,4,
431,4,
431,4,
431,4,
432,4,
434,4,
434,4,
434,4,
436,4,
436,4,
437,4,
438,4,
439,4,
440,4,
441,4,
442,4,
443,4,
446,4,
448,4,
448,4,
449,4,
450,4,
451,4,
451,4,
454,4,
455,4,
456,4,
457,4,
462,4,
463,4,
463,4,
464,4,
465,4,
466,4,
466,4,
468,4,
468,4,
469,4,
470,4,
470,4,
472,4,
473,4,
473,4,
474,4,
475,4,
476,4,
477,4,
479,4,
481,4,
481,4,
483,4,
483,4,
483,4,
484,4,
486,4,
488,4,
488,4,
489,4,
491,4,
491,4,
495,4,
495,4,
495,4,
497,4,
499,4,
499,4,
501,4,
501,4,
503,4,
507,4,
508,4,
509,4,
510,4,
510,4,
510,4,
511,4,
512,4,
512,4,
512,4,
513,4,
516,4,
516,4,
516,4,
517,4,
517,4,
518,4,
518,4,
518,4,
518,4,
519,4,
519,4,
520,4,
521,4,
524,4,
526,4,
526,4,
526,4,
528,4,
529,4,
530,4,
532,4,
532,4,
532,4,
534,4,
535,4,
536,4,
537,4,
537,4,
538,4,
540,4,
540,4,
541,4,
541,4,
541,4,
542,4,
542,4,
543,4,
544,4,
544,4,
544,4,
544,4,
545,4,
545,4,
547,4,
547,4,
548,4,
548,4,
548,4,
548,4,
549,4,
549,4,
552,4,
552,4,
552,4,
553,4,
555,4,
556,4,
556,4,
557,4,
557,4,
557,4,
559,4,
560,4,
561,4,
562,4,
563,4,
567,4,
567,4,
568,4,
569,4,
569,4,
571,4,
572,4,
573,4,
574,4,
575,4,
579,4,
580,4,
581,4,
581,4,
582,4,
582,4,
582,4,
584,4,
584,4,
585,4,
586,4,
586,4,
586,4,
587,4,
588,4,
589,4,
589,4,
590,4,
591,4,
591,4,
591,4,
591,4,
592,4,
593,4,
593,4,
596,4,
597,4,
597,4,
597,4,
599,4,
601,4,
601,4,
603,4,
603,4,
603,4,
607,4,
608,4,
609,4,
610,4,
610,4,
611,4,
611,4,
611,4,
613,4,
613,4,
614,4,
614,4,
615,4,
615,4,
615,4,
616,4,
619,4,
619,4,
620,4,
620,4,
620,4,
621,4,
624,4,
624,4,
624,4,
626,4,
626,4,
626,4,
628,4,
628,4,
630,4,
631,4,
631,4,
632,4,
633,4,
636,4,
637,4,
638,4,
638,4,
640,4,
640,4,
640,4,
641,4,
641,4,
642,4,
645,4,
647,4,
649,4,
649,4,
649,4,
650,4,
651,4,
651,4,
653,4,
656,4,
656,4,
657,4,
658,4,
658,4,
659,4,
660,4,
661,4,
661,4,
661,4,
662,4,
662,4,
663,4,
664,4,
665,4,
665,4,
666,4,
666,4,
667,4,
668,4,
668,4,
668,4,
669,4,
669,4,
672,4,
673,4,
673,4,
674,4,
675,4,
676,4,
676,4,
676,4,
676,4,
677,4,
677,4,
678,4,
679,4,
680,4,
681,4,
683,4,
684,4,
684,4,
688,4,
688,4,
689,4,
689,4,
690,4,
690,4,
694,4,
694,4,
697,4,
698,4,
701,4,
705,4,
706,4,
707,4,
708,4,
709,4,
710,4,
711,4,
711,4,
714,4,
714,4,
717,4,
723,4,
723,4,
724,4,
725,4,
727,4,
730,4,
732,4,
734,4,
738,4,
740,4,
743,4,
743,4,
743,4,
745,4,
747,4,
748,4,
752,4,
752,4,
753,4,
756,4,
756,4,
756,4,
757,4,
758,4,
759,4,
760,4,
760,4,
761,4,
761,4,
762,4,
763,4,
767,4,
770,4,
770,4,
771,4,
771,4,
772,4,
773,4,
775,4,
776,4,
776,4,
777,4,
777,4,
782,4,
784,4,
785,4,
787,4,
790,4,
791,4,
792,4,
793,4,
794,4,
794,4,
796,4,
796,4,
798,4,
799,4,
799,4,
800,4,
800,4,
800,4,
801,4,
801,4,
802,4,
803,4,
804,4,
804,4,
805,4,
805,4,
806,4,
807,4,
808,4,
809,4,
809,4,
809,4,
809,4,
809,4,
812,4,
813,4,
814,4,
815,4,
817,4,
817,4,
818,4,
818,4,
819,4,
819,4,
819,4,
820,4,
821,4,
821,4,
822,4,
827,4,
828,4,
828,4,
829,4,
831,4,
832,4,
833,4,
835,4,
835,4,
836,4,
836,4,
836,4,
837,4,
842,4,
842,4,
842,4,
843,4,
844,4,
844,4,
846,4,
846,4,
847,4,
847,4,
847,4,
849,4,
849,4,
851,4,
854,4,
854,4,
854,4,
855,4,
856,4,
857,4,
857,4,
858,4,
858,4,
859,4,
860,4,
860,4,
860,4,
861,4,
863,4,
864,4,
865,4,
866,4,
866,4,
866,4,
867,4,
868,4,
868,4,
869,4,
870,4,
871,4,
874,4,
874,4,
874,4,
878,4,
879,4,
881,4,
883,4,
885,4,
887,4,
890,4,
890,4,
891,4,
891,4,
891,4,
892,4,
892,4,
893,4,
894,4,
894,4,
897,4,
897,4,
899,4,
899,4,
900,4,
901,4,
902,4,
905,4,
907,4,
908,4,
909,4,
910,4,
910,4,
910,4,
910,4,
912,4,
913,4,
913,4,
914,4,
914,4,
915,4,
917,4,
919,4,
921,4,
921,4,
922,4,
923,4,
923,4,
924,4,
925,4,
926,4,
926,4,
926,4,
926,4,
928,4,
929,4,
929,4,
930,4,
930,4,
931,4,
932,4,
933,4,
933,4,
933,4,
933,4,
934,4,
936,4,
937,4,
939,4,
939,4,
940,4,
941,4,
942,4,
942,4,
943,4,
944,4,
944,4,
944,4,
945,4,
946,4,
946,4,
946,4,
947,4,
949,4,
949,4,
951,4,
951,4,
952,4,
952,4,
952,4,
954,4,
957,4,
957,4,
959,4,
960,4,
960,4,
961,4,
961,4,
962,4,
965,4,
965,4,
966,4,
968,4,
969,4,
969,4,
970,4,
970,4,
971,4,
974,4,
976,4,
976,4,
977,4,
977,4,
978,4,
979,4,
979,4,
981,4,
981,4,
982,4,
982,4,
984,4,
987,4,
987,4,
988,4,
989,4,
990,4,
990,4,
990,4,
990,4,
991,4,
993,4,
998,4,
998,4,
6,5,
6,5,
7,5,
11,5,
14,5,
15,5,
15,5,
17,5,
19,5,
21,5,
22,5,
22,5,
22,5,
23,5,
25,5,
26,5,
27,5,
28,5,
28,5,
30,5,
31,5,
32,5,
32,5,
34,5,
35,5,
35,5,
35,5,
36,5,
38,5,
39,5,
39,5,
40,5,
40,5,
43,5,
43,5,
43,5,
44,5,
46,5,
47,5,
50,5,
51,5,
51,5,
52,5,
53,5,
54,5,
55,5,
55,5,
55,5,
56,5,
59,5,
61,5,
63,5,
66,5,
66,5,
67,5,
68,5,
68,5,
69,5,
71,5,
71,5,
73,5,
73,5,
74,5,
76,5,
77,5,
78,5,
81,5,
82,5,
84,5,
85,5,
86,5,
93,5,
94,5,
94,5,
96,5,
98,5,
98,5,
98,5,
100,5,
101,5,
102,5,
102,5,
103,5,
104,5,
104,5,
105,5,
106,5,
107,5,
108,5,
108,5,
110,5,
110,5,
111,5,
112,5,
112,5,
112,5,
112,5,
115,5,
118,5,
118,5,
119,5,
119,5,
125,5,
125,5,
128,5,
129,5,
130,5,
130,5,
131,5,
131,5,
132,5,
132,5,
132,5,
133,5,
133,5,
133,5,
134,5,
136,5,
136,5,
137,5,
137,5,
140,5,
140,5,
146,5,
146,5,
147,5,
147,5,
148,5,
148,5,
149,5,
149,5,
149,5,
150,5,
152,5,
152,5,
152,5,
152,5,
154,5,
154,5,
155,5,
156,5,
157,5,
157,5,
158,5,
158,5,
160,5,
160,5,
161,5,
161,5,
162,5,
162,5,
163,5,
163,5,
164,5,
168,5,
169,5,
169,5,
171,5,
171,5,
171,5,
172,5,
172,5,
173,5,
173,5,
174,5,
175,5,
175,5,
175,5,
176,5,
177,5,
179,5,
182,5,
184,5,
184,5,
185,5,
186,5,
186,5,
187,5,
188,5,
188,5,
189,5,
190,5,
192,5,
192,5,
193,5,
193,5,
194,5,
195,5,
196,5,
196,5,
198,5,
199,5,
199,5,
200,5,
202,5,
203,5,
206,5,
207,5,
208,5,
208,5,
208,5,
209,5,
211,5,
211,5,
212,5,
216,5,
217,5,
219,5,
219,5,
221,5,
221,5,
221,5,
221,5,
222,5,
222,5,
223,5,
224,5,
226,5,
228,5,
230,5,
232,5,
232,5,
233,5,
234,5,
234,5,
234,5,
235,5,
235,5,
237,5,
237,5,
237,5,
238,5,
239,5,
240,5,
241,5,
242,5,
243,5,
243,5,
244,5,
244,5,
244,5,
245,5,
247,5,
249,5,
250,5,
250,5,
252,5,
253,5,
255,5,
256,5,
257,5,
257,5,
258,5,
259,5,
264,5,
265,5,
266,5,
267,5,
268,5,
270,5,
270,5,
270,5,
272,5,
274,5,
275,5,
277,5,
277,5,
277,5,
278,5,
278,5,
278,5,
279,5,
282,5,
283,5,
283,5,
284,5,
285,5,
289,5,
291,5,
294,5,
294,5,
295,5,
300,5,
301,5,
301,5,
301,5,
305,5,
305,5,
306,5,
306,5,
306,5,
306,5,
307,5,
307,5,
310,5,
310,5,
311,5,
312,5,
313,5,
313,5,
314,5,
314,5,
315,5,
316,5,
317,5,
317,5,
317,5,
318,5,
320,5,
323,5,
325,5,
325,5,
326,5,
328,5,
329,5,
329,5,
330,5,
330,5,
332,5,
332,5,
336,5,
336,5,
337,5,
338,5,
338,5,
342,5,
344,5,
345,5,
346,5,
349,5,
349,5,
350,5,
350,5,
351,5,
354,5,
354,5,
357,5,
358,5,
358,5,
358,5,
360,5,
360,5,
361,5,
361,5,
363,5,
363,5,
363,5,
364,5,
365,5,
369,5,
370,5,
371,5,
375,5,
375,5,
376,5,
383,5,
384,5,
385,5,
385,5,
386,5,
387,5,
387,5,
388,5,
389,5,
389,5,
393,5,
393,5,
393,5,
393,5,
394,5,
395,5,
395,5,
396,5,
396,5,
398,5,
399,5,
400,5,
400,5,
401,5,
401,5,
402,5,
403,5,
403,5,
406,5,
407,5,
411,5,
413,5,
417,5,
418,5,
418,5,
418,5,
419,5,
420,5,
420,5,
420,5,
421,5,
421,5,
421,5,
421,5,
421,5,
422,5,
422,5,
425,5,
425,5,
428,5,
429,5,
430,5,
430,5,
430,5,
431,5,
431,5,
431,5,
432,5,
434,5,
434,5,
434,5,
436,5,
436,5,
437,5,
438,5,
439,5,
440,5,
441,5,
442,5,
443,5,
446,5,
448,5,
448,5,
449,5,
450,5,
451,5,
451,5,
454,5,
455,5,
456,5,
457,5,
462,5,
463,5,
463,5,
464,5,
465,5,
466,5,
466,5,
468,5,
468,5,
469,5,
470,5,
470,5,
472,5,
473,5,
473,5,
474,5,
475,5,
476,5,
477,5,
479,5,
481,5,
481,5,
483,5,
483,5,
483,5,
484,5,
486,5,
488,5,
488,5,
489,5,
491,5,
491,5,
495,5,
495,5,
495,5,
497,5,
499,5,
499,5,
501,5,
501,5,
503,5,
507,5,
508,5,
509,5,
510,5,
510,5,
510,5,
511,5,
512,5,
512,5,
512,5,
513,5,
516,5,
516,5,
516,5,
517,5,
517,5,
518,5,
518,5,
518,5,
518,5,
519,5,
519,5,
520,5,
521,5,
524,5,
526,5,
526,5,
526,5,
528,5,
529,5,
530,5,
532,5,
532,5,
532,5,
534,5,
535,5,
536,5,
537,5,
537,5,
538,5,
540,5,
540,5,
541,5,
541,5,
541,5,
542,5,
542,5,
543,5,
544,5,
544,5,
544,5,
544,5,
545,5,
545,5,
547,5,
547,5,
548,5,
548,5,
548,5,
548,5,
549,5,
549,5,
552,5,
552,5,
552,5,
553,5,
555,5,
556,5,
556,5,
557,5,
557,5,
557,5,
559,5,
560,5,
561,5,
562,5,
563,5,
567,5,
567,5,
568,5,
569,5,
569,5,
571,5,
572,5,
573,5,
574,5,
575,5,
579,5,
580,5,
581,5,
581,5,
582,5,
582,5,
582,5,
584,5,
584,5,
585,5,
586,5,
586,5,
586,5,
587,5,
588,5,
589,5,
589,5,
590,5,
591,5,
591,5,
591,5,
591,5,
592,5,
593,5,
593,5,
596,5,
597,5,
597,5,
597,5,
599,5,
601,5,
601,5,
603,5,
603,5,
603,5,
607,5,
608,5,
609,5,
610,5,
610,5,
611,5,
611,5,
611,5,
613,5,
613,5,
614,5,
614,5,
615,5,
615,5,
615,5,
616,5,
619,5,
619,5,
620,5,
620,5,
620,5,
621,5,
624,5,
624,5,
624,5,
626,5,
626,5,
626,5,
628,5,
628,5,
630,5,
631,5,
631,5,
632,5,
633,5,
636,5,
637,5,
638,5,
638,5,
640,5,
640,5,
640,5,
641,5,
641,5,
642,5,
645,5,
647,5,
649,5,
649,5,
649,5,
650,5,
651,5,
651,5,
653,5,
656,5,
656,5,
657,5,
658,5,
658,5,
659,5,
660,5,
661,5,
661,5,
661,5,
662,5,
662,5,
663,5,
664,5,
665,5,
665,5,
666,5,
666,5,
667,5,
668,5,
668,5,
668,5,
669,5,
669,5,
672,5,
673,5,
673,5,
674,5,
675,5,
676,5,
676,5,
676,5,
676,5,
677,5,
677,5,
678,5,
679,5,
680,5,
681,5,
683,5,
684,5,
684,5,
688,5,
688,5,
689,5,
689,5,
690,5,
690,5,
694,5,
694,5,
697,5,
698,5,
701,5,
705,5,
706,5,
707,5,
708,5,
709,5,
710,5,
711,5,
711,5,
714,5,
714,5,
717,5,
723,5,
723,5,
724,5,
725,5,
727,5,
730,5,
732,5,
734,5,
738,5,
740,5,
743,5,
743,5,
743,5,
745,5,
747,5,
748,5,
752,5,
752,5,
753,5,
756,5,
756,5,
756,5,
757,5,
758,5,
759,5,
760,5,
760,5,
761,5,
761,5,
762,5,
763,5,
767,5,
770,5,
770,5,
771,5,
771,5,
772,5,
773,5,
775,5,
776,5,
776,5,
777,5,
777,5,
782,5,
784,5,
785,5,
787,5,
790,5,
791,5,
792,5,
793,5,
794,5,
794,5,
796,5,
796,5,
798,5,
799,5,
799,5,
800,5,
800,5,
800,5,
801,5,
801,5,
802,5,
803,5,
804,5,
804,5,
805,5,
805,5,
806,5,
807,5,
808,5,
809,5,
809,5,
809,5,
809,5,
809,5,
812,5,
813,5,
814,5,
815,5,
817,5,
817,5,
818,5,
818,5,
819,5,
819,5,
819,5,
820,5,
821,5,
821,5,
822,5,
827,5,
828,5,
828,5,
829,5,
831,5,
832,5,
833,5,
835,5,
835,5,
836,5,
836,5,
836,5,
837,5,
842,5,
842,5,
842,5,
843,5,
844,5,
844,5,
846,5,
846,5,
847,5,
847,5,
847,5,
849,5,
849,5,
851,5,
854,5,
854,5,
854,5,
855,5,
856,5,
857,5,
857,5,
858,5,
858,5,
859,5,
860,5,
860,5,
860,5,
861,5,
863,5,
864,5,
865,5,
866,5,
866,5,
866,5,
867,5,
868,5,
868,5,
869,5,
870,5,
871,5,
874,5,
874,5,
874,5,
878,5,
879,5,
881,5,
883,5,
885,5,
887,5,
890,5,
890,5,
891,5,
891,5,
891,5,
892,5,
892,5,
893,5,
894,5,
894,5,
897,5,
897,5,
899,5,
899,5,
900,5,
901,5,
902,5,
905,5,
907,5,
908,5,
909,5,
910,5,
910,5,
910,5,
910,5,
912,5,
913,5,
913,5,
914,5,
914,5,
915,5,
917,5,
919,5,
921,5,
921,5,
922,5,
923,5,
923,5,
924,5,
925,5,
926,5,
926,5,
926,5,
926,5,
928,5,
929,5,
929,5,
930,5,
930,5,
931,5,
932,5,
933,5,
933,5,
933,5,
933,5,
934,5,
936,5,
937,5,
939,5,
939,5,
940,5,
941,5,
942,5,
942,5,
943,5,
944,5,
944,5,
944,5,
945,5,
946,5,
946,5,
946,5,
947,5,
949,5,
949,5,
951,5,
951,5,
952,5,
952,5,
952,5,
954,5,
957,5,
957,5,
959,5,
960,5,
960,5,
961,5,
961,5,
962,5,
965,5,
965,5,
966,5,
968,5,
969,5,
969,5,
970,5,
970,5,
971,5,
974,5,
976,5,
976,5,
977,5,
977,5,
978,5,
979,5,
979,5,
981,5,
981,5,
982,5,
982,5,
984,5,
987,5,
987,5,
988,5,
989,5,
990,5,
990,5,
990,5,
990,5,
991,5,
993,5,
998,5,
998,5,
7,6,
11,6,
14,6,
15,6,
15,6,
17,6,
19,6,
21,6,
22,6,
22,6,
22,6,
23,6,
25,6,
26,6,
27,6,
28,6,
28,6,
30,6,
31,6,
32,6,
32,6,
34,6,
35,6,
35,6,
35,6,
36,6,
38,6,
39,6,
39,6,
40,6,
40,6,
43,6,
43,6,
43,6,
44,6,
46,6,
47,6,
50,6,
51,6,
51,6,
52,6,
53,6,
54,6,
55,6,
55,6,
55,6,
56,6,
59,6,
61,6,
63,6,
66,6,
66,6,
67,6,
68,6,
68,6,
69,6,
71,6,
71,6,
73,6,
73,6,
74,6,
76,6,
77,6,
78,6,
81,6,
82,6,
84,6,
85,6,
86,6,
93,6,
94,6,
94,6,
96,6,
98,6,
98,6,
98,6,
100,6,
101,6,
102,6,
102,6,
103,6,
104,6,
104,6,
105,6,
106,6,
107,6,
108,6,
108,6,
110,6,
110,6,
111,6,
112,6,
112,6,
112,6,
112,6,
115,6,
118,6,
118,6,
119,6,
119,6,
125,6,
125,6,
128,6,
129,6,
130,6,
130,6,
131,6,
131,6,
132,6,
132,6,
132,6,
133,6,
133,6,
133,6,
134,6,
136,6,
136,6,
137,6,
137,6,
140,6,
140,6,
146,6,
146,6,
147,6,
147,6,
148,6,
148,6,
149,6,
149,6,
149,6,
150,6,
152,6,
152,6,
152,6,
152,6,
154,6,
154,6,
155,6,
156,6,
157,6,
157,6,
158,6,
158,6,
160,6,
160,6,
161,6,
161,6,
162,6,
162,6,
163,6,
163,6,
164,6,
168,6,
169,6,
169,6,
171,6,
171,6,
171,6,
172,6,
172,6,
173,6,
173,6,
174,6,
175,6,
175,6,
175,6,
176,6,
177,6,
179,6,
182,6,
184,6,
184,6,
185,6,
186,6,
186,6,
187,6,
188,6,
188,6,
189,6,
190,6,
192,6,
192,6,
193,6,
193,6,
194,6,
195,6,
196,6,
196,6,
198,6,
199,6,
199,6,
200,6,
202,6,
203,6,
206,6,
207,6,
208,6,
208,6,
208,6,
209,6,
211,6,
211,6,
212,6,
216,6,
217,6,
219,6,
219,6,
221,6,
221,6,
221,6,
221,6,
222,6,
222,6,
223,6,
224,6,
226,6,
228,6,
230,6,
232,6,
232,6,
233,6,
234,6,
234,6,
234,6,
235,6,
235,6,
237,6,
237,6,
237,6,
238,6,
239,6,
240,6,
241,6,
242,6,
243,6,
243,6,
244,6,
244,6,
244,6,
245,6,
247,6,
249,6,
250,6,
250,6,
252,6,
253,6,
255,6,
256,6,
257,6,
257,6,
258,6,
259,6,
264,6,
265,6,
266,6,
267,6,
268,6,
270,6,
270,6,
270,6,
272,6,
274,6,
275,6,
277,6,
277,6,
277,6,
278,6,
278,6,
278,6,
279,6,
282,6,
283,6,
283,6,
284,6,
285,6,
289,6,
291,6,
294,6,
294,6,
295,6,
300,6,
301,6,
301,6,
301,6,
305,6,
305,6,
306,6,
306,6,
306,6,
306,6,
307,6,
307,6,
310,6,
310,6,
311,6,
312,6,
313,6,
313,6,
314,6,
314,6,
315,6,
316,6,
317,6,
317,6,
317,6,
318,6,
320,6,
323,6,
325,6,
325,6,
326,6,
328,6,
329,6,
329,6,
330,6,
330,6,
332,6,
332,6,
336,6,
336,6,
337,6,
338,6,
338,6,
342,6,
344,6,
345,6,
346,6,
349,6,
349,6,
350,6,
350,6,
351,6,
354,6,
354,6,
357,6,
358,6,
358,6,
358,6,
360,6,
360,6,
361,6,
361,6,
363,6,
363,6,
363,6,
364,6,
365,6,
369,6,
370,6,
371,6,
375,6,
375,6,
376,6,
383,6,
384,6,
385,6,
385,6,
386,6,
387,6,
387,6,
388,6,
389,6,
389,6,
393,6,
393,6,
393,6,
393,6,
394,6,
395,6,
395,6,
396,6,
396,6,
398,6,
399,6,
400,6,
400,6,
401,6,
401,6,
402,6,
403,6,
403,6,
406,6,
407,6,
411,6,
413,6,
417,6,
418,6,
418,6,
418,6,
419,6,
420,6,
420,6,
420,6,
421,6,
421,6,
421,6,
421,6,
421,6,
422,6,
422,6,
425,6,
425,6,
428,6,
429,6,
430,6,
430,6,
430,6,
431,6,
431,6,
431,6,
432,6,
434,6,
434,6,
434,6,
436,6,
436,6,
437,6,
438,6,
439,6,
440,6,
441,6,
442,6,
443,6,
446,6,
448,6,
448,6,
449,6,
450,6,
451,6,
451,6,
454,6,
455,6,
456,6,
457,6,
462,6,
463,6,
463,6,
464,6,
465,6,
466,6,
466,6,
468,6,
468,6,
469,6,
470,6,
470,6,
472,6,
473,6,
473,6,
474,6,
475,6,
476,6,
477,6,
479,6,
481,6,
481,6,
483,6,
483,6,
483,6,
484,6,
486,6,
488,6,
488,6,
489,6,
491,6,
491,6,
495,6,
495,6,
495,6,
497,6,
499,6,
499,6,
501,6,
501,6,
503,6,
507,6,
508,6,
509,6,
510,6,
510,6,
510,6,
511,6,
512,6,
512,6,
512,6,
513,6,
516,6,
516,6,
516,6,
517,6,
517,6,
518,6,
518,6,
518,6,
518,6,
519,6,
519,6,
520,6,
521,6,
524,6,
526,6,
526,6,
526,6,
528,6,
529,6,
530,6,
532,6,
532,6,
532,6,
534,6,
535,6,
536,6,
537,6,
537,6,
538,6,
540,6,
540,6,
541,6,
541,6,
541,6,
542,6,
542,6,
543,6,
544,6,
544,6,
544,6,
544,6,
545,6,
545,6,
547,6,
547,6,
548,6,
548,6,
548,6,
548,6,
549,6,
549,6,
552,6,
552,6,
552,6,
553,6,
555,6,
556,6,
556,6,
557,6,
557,6,
557,6,
559,6,
560,6,
561,6,
562,6,
563,6,
567,6,
567,6,
568,6,
569,6,
569,6,
571,6,
572,6,
573,6,
574,6,
575,6,
579,6,
580,6,
581,6,
581,6,
582,6,
582,6,
582,6,
584,6,
584,6,
585,6,
586,6,
586,6,
586,6,
587,6,
588,6,
589,6,
589,6,
590,6,
591,6,
591,6,
591,6,
591,6,
592,6,
593,6,
593,6,
596,6,
597,6,
597,6,
597,6,
599,6,
601,6,
601,6,
603,6,
603,6,
603,6,
607,6,
608,6,
609,6,
610,6,
610,6,
611,6,
611,6,
611,6,
613,6,
613,6,
614,6,
614,6,
615,6,
615,6,
615,6,
616,6,
619,6,
619,6,
620,6,
620,6,
620,6,
621,6,
624,6,
624,6,
624,6,
626,6,
626,6,
626,6,
628,6,
628,6,
630,6,
631,6,
631,6,
632,6,
633,6,
636,6,
637,6,
638,6,
638,6,
640,6,
640,6,
640,6,
641,6,
641,6,
642,6,
645,6,
647,6,
649,6,
649,6,
649,6,
650,6,
651,6,
651,6,
653,6,
656,6,
656,6,
657,6,
658,6,
658,6,
659,6,
660,6,
661,6,
661,6,
661,6,
662,6,
662,6,
663,6,
664,6,
665,6,
665,6,
666,6,
666,6,
667,6,
668,6,
668,6,
668,6,
669,6,
669,6,
672,6,
673,6,
673,6,
674,6,
675,6,
676,6,
676,6,
676,6,
676,6,
677,6,
677,6,
678,6,
679,6,
680,6,
681,6,
683,6,
684,6,
684,6,
688,6,
688,6,
689,6,
689,6,
690,6,
690,6,
694,6,
694,6,
697,6,
698,6,
701,6,
705,6,
706,6,
707,6,
708,6,
709,6,
710,6,
711,6,
711,6,
714,6,
714,6,
717,6,
723,6,
723,6,
724,6,
725,6,
727,6,
730,6,
732,6,
734,6,
738,6,
740,6,
743,6,
743,6,
743,6,
745,6,
747,6,
748,6,
752,6,
752,6,
753,6,
756,6,
756,6,
756,6,
757,6,
758,6,
759,6,
760,6,
760,6,
761,6,
761,6,
762,6,
763,6,
767,6,
770,6,
770,6,
771,6,
771,6,
772,6,
773,6,
775,6,
776,6,
776,6,
777,6,
777,6,
782,6,
784,6,
785,6,
787,6,
790,6,
791,6,
792,6,
793,6,
794,6,
794,6,
796,6,
796,6,
798,6,
799,6,
799,6,
800,6,
800,6,
800,6,
801,6,
801,6,
802,6,
803,6,
804,6,
804,6,
805,6,
805,6,
806,6,
807,6,
808,6,
809,6,
809,6,
809,6,
809,6,
809,6,
812,6,
813,6,
814,6,
815,6,
817,6,
817,6,
818,6,
818,6,
819,6,
819,6,
819,6,
820,6,
821,6,
821,6,
822,6,
827,6,
828,6,
828,6,
829,6,
831,6,
832,6,
833,6,
835,6,
835,6,
836,6,
836,6,
836,6,
837,6,
842,6,
842,6,
842,6,
843,6,
844,6,
844,6,
846,6,
846,6,
847,6,
847,6,
847,6,
849,6,
849,6,
851,6,
854,6,
854,6,
854,6,
855,6,
856,6,
857,6,
857,6,
858,6,
858,6,
859,6,
860,6,
860,6,
860,6,
861,6,
863,6,
864,6,
865,6,
866,6,
866,6,
866,6,
867,6,
868,6,
868,6,
869,6,
870,6,
871,6,
874,6,
874,6,
874,6,
878,6,
879,6,
881,6,
883,6,
885,6,
887,6,
890,6,
890,6,
891,6,
891,6,
891,6,
892,6,
892,6,
893,6,
894,6,
894,6,
897,6,
897,6,
899,6,
899,6,
900,6,
901,6,
902,6,
905,6,
907,6,
908,6,
909,6,
910,6,
910,6,
910,6,
910,6,
912,6,
913,6,
913,6,
914,6,
914,6,
915,6,
917,6,
919,6,
921,6,
921,6,
922,6,
923,6,
923,6,
924,6,
925,6,
926,6,
926,6,
926,6,
926,6,
928,6,
929,6,
929,6,
930,6,
930,6,
931,6,
932,6,
933,6,
933,6,
933,6,
933,6,
934,6,
936,6,
937,6,
939,6,
939,6,
940,6,
941,6,
942,6,
942,6,
943,6,
944,6,
944,6,
944,6,
945,6,
946,6,
946,6,
946,6,
947,6,
949,6,
949,6,
951,6,
951,6,
952,6,
952,6,
952,6,
954,6,
957,6,
957,6,
959,6,
960,6,
960,6,
961,6,
961,6,
962,6,
965,6,
965,6,
966,6,
968,6,
969,6,
969,6,
970,6,
970,6,
971,6,
974,6,
976,6,
976,6,
977,6,
977,6,
978,6,
979,6,
979,6,
981,6,
981,6,
982,6,
982,6,
984,6,
987,6,
987,6,
988,6,
989,6,
990,6,
990,6,
990,6,
990,6,
991,6,
993,6,
998,6,
998,6,
11,7,
14,7,
15,7,
15,7,
17,7,
19,7,
21,7,
22,7,
22,7,
22,7,
23,7,
25,7,
26,7,
27,7,
28,7,
28,7,
30,7,
31,7,
32,7,
32,7,
34,7,
35,7,
35,7,
35,7,
36,7,
38,7,
39,7,
39,7,
40,7,
40,7,
43,7,
43,7,
43,7,
44,7,
46,7,
47,7,
50,7,
51,7,
51,7,
52,7,
53,7,
54,7,
55,7,
55,7,
55,7,
56,7,
59,7,
61,7,
63,7,
66,7,
66,7,
67,7,
68,7,
68,7,
69,7,
71,7,
71,7,
73,7,
73,7,
74,7,
76,7,
77,7,
78,7,
81,7,
82,7,
84,7,
85,7,
86,7,
93,7,
94,7,
94,7,
96,7,
98,7,
98,7,
98,7,
100,7,
101,7,
102,7,
102,7,
103,7,
104,7,
104,7,
105,7,
106,7,
107,7,
108,7,
108,7,
110,7,
110,7,
111,7,
112,7,
112,7,
112,7,
112,7,
115,7,
118,7,
118,7,
119,7,
119,7,
125,7,
125,7,
128,7,
129,7,
130,7,
130,7,
131,7,
131,7,
132,7,
132,7,
132,7,
133,7,
133,7,
133,7,
134,7,
136,7,
136,7,
137,7,
137,7,
140,7,
140,7,
146,7,
146,7,
147,7,
147,7,
148,7,
148,7,
149,7,
149,7,
149,7,
150,7,
152,7,
152,7,
152,7,
152,7,
154,7,
154,7,
155,7,
156,7,
157,7,
157,7,
158,7,
158,7,
160,7,
160,7,
161,7,
161,7,
162,7,
162,7,
163,7,
163,7,
164,7,
168,7,
169,7,
169,7,
171,7,
171,7,
171,7,
172,7,
172,7,
173,7,
173,7,
174,7,
175,7,
175,7,
175,7,
176,7,
177,7,
179,7,
182,7,
184,7,
184,7,
185,7,
186,7,
186,7,
187,7,
188,7,
188,7,
189,7,
190,7,
192,7,
192,7,
193,7,
193,7,
194,7,
195,7,
196,7,
196,7,
198,7,
199,7,
199,7,
200,7,
202,7,
203,7,
206,7,
207,7,
208,7,
208,7,
208,7,
209,7,
211,7,
211,7,
212,7,
216,7,
217,7,
219,7,
219,7,
221,7,
221,7,
221,7,
221,7,
222,7,
222,7,
223,7,
224,7,
226,7,
228,7,
230,7,
232,7,
232,7,
233,7,
234,7,
234,7,
234,7,
235,7,
235,7,
237,7,
237,7,
237,7,
238,7,
239,7,
240,7,
241,7,
242,7,
243,7,
243,7,
244,7,
244,7,
244,7,
245,7,
247,7,
249,7,
250,7,
250,7,
252,7,
253,7,
255,7,
256,7,
257,7,
257,7,
258,7,
259,7,
264,7,
265,7,
266,7,
267,7,
268,7,
270,7,
270,7,
270,7,
272,7,
274,7,
275,7,
277,7,
277,7,
277,7,
278,7,
278,7,
278,7,
279,7,
282,7,
283,7,
283,7,
284,7,
285,7,
289,7,
291,7,
294,7,
294,7,
295,7,
300,7,
301,7,
301,7,
301,7,
305,7,
305,7,
306,7,
306,7,
306,7,
306,7,
307,7,
307,7,
310,7,
310,7,
311,7,
312,7,
313,7,
313,7,
314,7,
314,7,
315,7,
316,7,
317,7,
317,7,
317,7,
318,7,
320,7,
323,7,
325,7,
325,7,
326,7,
328,7,
329,7,
329,7,
330,7,
330,7,
332,7,
332,7,
336,7,
336,7,
337,7,
338,7,
338,7,
342,7,
344,7,
345,7,
346,7,
349,7,
349,7,
350,7,
350,7,
351,7,
354,7,
354,7,
357,7,
358,7,
358,7,
358,7,
360,7,
360,7,
361,7,
361,7,
363,7,
363,7,
363,7,
364,7,
365,7,
369,7,
370,7,
371,7,
375,7,
375,7,
376,7,
383,7,
384,7,
385,7,
385,7,
386,7,
387,7,
387,7,
388,7,
389,7,
389,7,
393,7,
393,7,
393,7,
393,7,
394,7,
395,7,
395,7,
396,7,
396,7,
398,7,
399,7,
400,7,
400,7,
401,7,
401,7,
402,7,
403,7,
403,7,
406,7,
407,7,
411,7,
413,7,
417,7,
418,7,
418,7,
418,7,
419,7,
420,7,
420,7,
420,7,
421,7,
421,7,
421,7,
421,7,
421,7,
422,7,
422,7,
425,7,
425,7,
428,7,
429,7,
430,7,
430,7,
430,7,
431,7,
431,7,
431,7,
432,7,
434,7,
434,7,
434,7,
436,7,
436,7,
437,7,
438,7,
439,7,
440,7,
441,7,
442,7,
443,7,
446,7,
448,7,
448,7,
449,7,
450,7,
451,7,
451,7,
454,7,
455,7,
456,7,
457,7,
462,7,
463,7,
463,7,
464,7,
465,7,
466,7,
466,7,
468,7,
468,7,
469,7,
470,7,
470,7,
472,7,
473,7,
473,7,
474,7,
475,7,
476,7,
477,7,
479,7,
481,7,
481,7,
483,7,
483,7,
483,7,
484,7,
486,7,
488,7,
488,7,
489,7,
491,7,
491,7,
495,7,
495,7,
495,7,
497,7,
499,7,
499,7,
501,7,
501,7,
503,7,
507,7,
508,7,
509,7,
510,7,
510,7,
510,7,
511,7,
512,7,
512,7,
512,7,
513,7,
516,7,
516,7,
516,7,
517,7,
517,7,
518,7,
518,7,
518,7,
518,7,
519,7,
519,7,
520,7,
521,7,
524,7,
526,7,
526,7,
526,7,
528,7,
529,7,
530,7,
532,7,
532,7,
532,7,
534,7,
535,7,
536,7,
537,7,
537,7,
538,7,
540,7,
540,7,
541,7,
541,7,
541,7,
542,7,
542,7,
543,7,
544,7,
544,7,
544,7,
544,7,
545,7,
545,7,
547,7,
547,7,
548,7,
548,7,
548,7,
548,7,
549,7,
549,7,
552,7,
552,7,
552,7,
553,7,
555,7,
556,7,
556,7,
557,7,
557,7,
557,7,
559,7,
560,7,
561,7,
562,7,
563,7,
567,7,
567,7,
568,7,
569,7,
569,7,
571,7,
572,7,
573,7,
574,7,
575,7,
579,7,
580,7,
581,7,
581,7,
582,7,
582,7,
582,7,
584,7,
584,7,
585,7,
586,7,
586,7,
586,7,
587,7,
588,7,
589,7,
589,7,
590,7,
591,7,
591,7,
591,7,
591,7,
592,7,
593,7,
593,7,
596,7,
597,7,
597,7,
597,7,
599,7,
601,7,
601,7,
603,7,
603,7,
603,7,
607,7,
608,7,
609,7,
610,7,
610,7,
611,7,
611,7,
611,7,
613,7,
613,7,
614,7,
614,7,
615,7,
615,7,
615,7,
616,7,
619,7,
619,7,
620,7,
620,7,
620,7,
621,7,
624,7,
624,7,
624,7,
626,7,
626,7,
626,7,
628,7,
628,7,
630,7,
631,7,
631,7,
632,7,
633,7,
636,7,
637,7,
638,7,
638,7,
640,7,
640,7,
640,7,
641,7,
641,7,
642,7,
645,7,
647,7,
649,7,
649,7,
649,7,
650,7,
651,7,
651,7,
653,7,
656,7,
656,7,
657,7,
658,7,
658,7,
659,7,
660,7,
661,7,
661,7,
661,7,
662,7,
662,7,
663,7,
664,7,
665,7,
665,7,
666,7,
666,7,
667,7,
668,7,
668,7,
668,7,
669,7,
669,7,
672,7,
673,7,
673,7,
674,7,
675,7,
676,7,
676,7,
676,7,
676,7,
677,7,
677,7,
678,7,
679,7,
680,7,
681,7,
683,7,
684,7,
684,7,
688,7,
688,7,
689,7,
689,7,
690,7,
690,7,
694,7,
694,7,
697,7,
698,7,
701,7,
705,7,
706,7,
707,7,
708,7,
709,7,
710,7,
711,7,
711,7,
714,7,
714,7,
717,7,
723,7,
723,7,
724,7,
725,7,
727,7,
730,7,
732,7,
734,7,
738,7,
740,7,
743,7,
743,7,
743,7,
745,7,
747,7,
748,7,
752,7,
752,7,
753,7,
756,7,
756,7,
756,7,
757,7,
758,7,
759,7,
760,7,
760,7,
761,7,
761,7,
762,7,
763,7,
767,7,
770,7,
770,7,
771,7,
771,7,
772,7,
773,7,
775,7,
776,7,
776,7,
777,7,
777,7,
782,7,
784,7,
785,7,
787,7,
790,7,
791,7,
792,7,
793,7,
794,7,
794,7,
796,7,
796,7,
798,7,
799,7,
799,7,
800,7,
800,7,
800,7,
801,7,
801,7,
802,7,
803,7,
804,7,
804,7,
805,7,
805,7,
806,7,
807,7,
808,7,
809,7,
809,7,
809,7,
809,7,
809,7,
812,7,
813,7,
814,7,
815,7,
817,7,
817,7,
818,7,
818,7,
819,7,
819,7,
819,7,
820,7,
821,7,
821,7,
822,7,
827,7,
828,7,
828,7,
829,7,
831,7,
832,7,
833,7,
835,7,
835,7,
836,7,
836,7,
836,7,
837,7,
842,7,
842,7,
842,7,
843,7,
844,7,
844,7,
846,7,
846,7,
847,7,
847,7,
847,7,
849,7,
849,7,
851,7,
854,7,
854,7,
854,7,
855,7,
856,7,
857,7,
857,7,
858,7,
858,7,
859,7,
860,7,
860,7,
860,7,
861,7,
863,7,
864,7,
865,7,
866,7,
866,7,
866,7,
867,7,
868,7,
868,7,
869,7,
870,7,
871,7,
874,7,
874,7,
874,7,
878,7,
879,7,
881,7,
883,7,
885,7,
887,7,
890,7,
890,7,
891,7,
891,7,
891,7,
892,7,
892,7,
893,7,
894,7,
894,7,
897,7,
897,7,
899,7,
899,7,
900,7,
901,7,
902,7,
905,7,
907,7,
908,7,
909,7,
910,7,
910,7,
910,7,
910,7,
912,7,
913,7,
913,7,
914,7,
914,7,
915,7,
917,7,
919,7,
921,7,
921,7,
922,7,
923,7,
923,7,
924,7,
925,7,
926,7,
926,7,
926,7,
926,7,
928,7,
929,7,
929,7,
930,7,
930,7,
931,7,
932,7,
933,7,
933,7,
933,7,
933,7,
934,7,
936,7,
937,7,
939,7,
939,7,
940,7,
941,7,
942,7,
942,7,
943,7,
944,7,
944,7,
944,7,
945,7,
946,7,
946,7,
946,7,
947,7,
949,7,
949,7,
951,7,
951,7,
952,7,
952,7,
952,7,
954,7,
957,7,
957,7,
959,7,
960,7,
960,7,
961,7,
961,7,
962,7,
965,7,
965,7,
966,7,
968,7,
969,7,
969,7,
970,7,
970,7,
971,7,
974,7,
976,7,
976,7,
977,7,
977,7,
978,7,
979,7,
979,7,
981,7,
981,7,
982,7,
982,7,
984,7,
987,7,
987,7,
988,7,
989,7,
990,7,
990,7,
990,7,
990,7,
991,7,
993,7,
998,7,
998,7,
11,8,
14,8,
15,8,
15,8,
17,8,
19,8,
21,8,
22,8,
22,8,
22,8,
23,8,
25,8,
26,8,
27,8,
28,8,
28,8,
30,8,
31,8,
32,8,
32,8,
34,8,
35,8,
35,8,
35,8,
36,8,
38,8,
39,8,
39,8,
40,8,
40,8,
43,8,
43,8,
43,8,
44,8,
46,8,
47,8,
50,8,
51,8,
51,8,
52,8,
53,8,
54,8,
55,8,
55,8,
55,8,
56,8,
59,8,
61,8,
63,8,
66,8,
66,8,
67,8,
68,8,
68,8,
69,8,
71,8,
71,8,
73,8,
73,8,
74,8,
76,8,
77,8,
78,8,
81,8,
82,8,
84,8,
85,8,
86,8,
93,8,
94,8,
94,8,
96,8,
98,8,
98,8,
98,8,
100,8,
101,8,
102,8,
102,8,
103,8,
104,8,
104,8,
105,8,
106,8,
107,8,
108,8,
108,8,
110,8,
110,8,
111,8,
112,8,
112,8,
112,8,
112,8,
115,8,
118,8,
118,8,
119,8,
119,8,
125,8,
125,8,
128,8,
129,8,
130,8,
130,8,
131,8,
131,8,
132,8,
132,8,
132,8,
133,8,
133,8,
133,8,
134,8,
136,8,
136,8,
137,8,
137,8,
140,8,
140,8,
146,8,
146,8,
147,8,
147,8,
148,8,
148,8,
149,8,
149,8,
149,8,
150,8,
152,8,
152,8,
152,8,
152,8,
154,8,
154,8,
155,8,
156,8,
157,8,
157,8,
158,8,
158,8,
160,8,
160,8,
161,8,
161,8,
162,8,
162,8,
163,8,
163,8,
164,8,
168,8,
169,8,
169,8,
171,8,
171,8,
171,8,
172,8,
172,8,
173,8,
173,8,
174,8,
175,8,
175,8,
175,8,
176,8,
177,8,
179,8,
182,8,
184,8,
184,8,
185,8,
186,8,
186,8,
187,8,
188,8,
188,8,
189,8,
190,8,
192,8,
192,8,
193,8,
193,8,
194,8,
195,8,
196,8,
196,8,
198,8,
199,8,
199,8,
200,8,
202,8,
203,8,
206,8,
207,8,
208,8,
208,8,
208,8,
209,8,
211,8,
211,8,
212,8,
216,8,
217,8,
219,8,
219,8,
221,8,
221,8,
221,8,
221,8,
222,8,
222,8,
223,8,
224,8,
226,8,
228,8,
230,8,
232,8,
232,8,
233,8,
234,8,
234,8,
234,8,
235,8,
235,8,
237,8,
237,8,
237,8,
238,8,
239,8,
240,8,
241,8,
242,8,
243,8,
243,8,
244,8,
244,8,
244,8,
245,8,
247,8,
249,8,
250,8,
250,8,
252,8,
253,8,
255,8,
256,8,
257,8,
257,8,
258,8,
259,8,
264,8,
265,8,
266,8,
267,8,
268,8,
270,8,
270,8,
270,8,
272,8,
274,8,
275,8,
277,8,
277,8,
277,8,
278,8,
278,8,
278,8,
279,8,
282,8,
283,8,
283,8,
284,8,
285,8,
289,8,
291,8,
294,8,
294,8,
295,8,
300,8,
301,8,
301,8,
301,8,
305,8,
305,8,
306,8,
306,8,
306,8,
306,8,
307,8,
307,8,
310,8,
310,8,
311,8,
312,8,
313,8,
313,8,
314,8,
314,8,
315,8,
316,8,
317,8,
317,8,
317,8,
318,8,
320,8,
323,8,
325,8,
325,8,
326,8,
328,8,
329,8,
329,8,
330,8,
330,8,
332,8,
332,8,
336,8,
336,8,
337,8,
338,8,
338,8,
342,8,
344,8,
345,8,
346,8,
349,8,
349,8,
350,8,
350,8,
351,8,
354,8,
354,8,
357,8,
358,8,
358,8,
358,8,
360,8,
360,8,
361,8,
361,8,
363,8,
363,8,
363,8,
364,8,
365,8,
369,8,
370,8,
371,8,
375,8,
375,8,
376,8,
383,8,
384,8,
385,8,
385,8,
386,8,
387,8,
387,8,
388,8,
389,8,
389,8,
393,8,
393,8,
393,8,
393,8,
394,8,
395,8,
395,8,
396,8,
396,8,
398,8,
399,8,
400,8,
400,8,
401,8,
401,8,
402,8,
403,8,
403,8,
406,8,
407,8,
411,8,
413,8,
417,8,
418,8,
418,8,
418,8,
419,8,
420,8,
420,8,
420,8,
421,8,
421,8,
421,8,
421,8,
421,8,
422,8,
422,8,
425,8,
425,8,
428,8,
429,8,
430,8,
430,8,
430,8,
431,8,
431,8,
431,8,
432,8,
434,8,
434,8,
434,8,
436,8,
436,8,
437,8,
438,8,
439,8,
440,8,
441,8,
442,8,
443,8,
446,8,
448,8,
448,8,
449,8,
450,8,
451,8,
451,8,
454,8,
455,8,
456,8,
457,8,
462,8,
463,8,
463,8,
464,8,
465,8,
466,8,
466,8,
468,8,
468,8,
469,8,
470,8,
470,8,
472,8,
473,8,
473,8,
474,8,
475,8,
476,8,
477,8,
479,8,
481,8,
481,8,
483,8,
483,8,
483,8,
484,8,
486,8,
488,8,
488,8,
489,8,
491,8,
491,8,
495,8,
495,8,
495,8,
497,8,
499,8,
499,8,
501,8,
501,8,
503,8,
507,8,
508,8,
509,8,
510,8,
510,8,
510,8,
511,8,
512,8,
512,8,
512,8,
513,8,
516,8,
516,8,
516,8,
517,8,
517,8,
518,8,
518,8,
518,8,
518,8,
519,8,
519,8,
520,8,
521,8,
524,8,
526,8,
526,8,
526,8,
528,8,
529,8,
530,8,
532,8,
532,8,
532,8,
534,8,
535,8,
536,8,
537,8,
537,8,
538,8,
540,8,
540,8,
541,8,
541,8,
541,8,
542,8,
542,8,
543,8,
544,8,
544,8,
544,8,
544,8,
545,8,
545,8,
547,8,
547,8,
548,8,
548,8,
548,8,
548,8,
549,8,
549,8,
552,8,
552,8,
552,8,
553,8,
555,8,
556,8,
556,8,
557,8,
557,8,
557,8,
559,8,
560,8,
561,8,
562,8,
563,8,
567,8,
567,8,
568,8,
569,8,
569,8,
571,8,
572,8,
573,8,
574,8,
575,8,
579,8,
580,8,
581,8,
581,8,
582,8,
582,8,
582,8,
584,8,
584,8,
585,8,
586,8,
586,8,
586,8,
587,8,
588,8,
589,8,
589,8,
590,8,
591,8,
591,8,
591,8,
591,8,
592,8,
593,8,
593,8,
596,8,
597,8,
597,8,
597,8,
599,8,
601,8,
601,8,
603,8,
603,8,
603,8,
607,8,
608,8,
609,8,
610,8,
610,8,
611,8,
611,8,
611,8,
613,8,
613,8,
614,8,
614,8,
615,8,
615,8,
615,8,
616,8,
619,8,
619,8,
620,8,
620,8,
620,8,
621,8,
624,8,
624,8,
624,8,
626,8,
626,8,
626,8,
628,8,
628,8,
630,8,
631,8,
631,8,
632,8,
633,8,
636,8,
637,8,
638,8,
638,8,
640,8,
640,8,
640,8,
641,8,
641,8,
642,8,
645,8,
647,8,
649,8,
649,8,
649,8,
650,8,
651,8,
651,8,
653,8,
656,8,
656,8,
657,8,
658,8,
658,8,
659,8,
660,8,
661,8,
661,8,
661,8,
662,8,
662,8,
663,8,
664,8,
665,8,
665,8,
666,8,
666,8,
667,8,
668,8,
668,8,
668,8,
669,8,
669,8,
672,8,
673,8,
673,8,
674,8,
675,8,
676,8,
676,8,
676,8,
676,8,
677,8,
677,8,
678,8,
679,8,
680,8,
681,8,
683,8,
684,8,
684,8,
688,8,
688,8,
689,8,
689,8,
690,8,
690,8,
694,8,
694,8,
697,8,
698,8,
701,8,
705,8,
706,8,
707,8,
708,8,
709,8,
710,8,
711,8,
711,8,
714,8,
714,8,
717,8,
723,8,
723,8,
724,8,
725,8,
727,8,
730,8,
732,8,
734,8,
738,8,
740,8,
743,8,
743,8,
743,8,
745,8,
747,8,
748,8,
752,8,
752,8,
753,8,
756,8,
756,8,
756,8,
757,8,
758,8,
759,8,
760,8,
760,8,
761,8,
761,8,
762,8,
763,8,
767,8,
770,8,
770,8,
771,8,
771,8,
772,8,
773,8,
775,8,
776,8,
776,8,
777,8,
777,8,
782,8,
784,8,
785,8,
787,8,
790,8,
791,8,
792,8,
793,8,
794,8,
794,8,
796,8,
796,8,
798,8,
799,8,
799,8,
800,8,
800,8,
800,8,
801,8,
801,8,
802,8,
803,8,
804,8,
804,8,
805,8,
805,8,
806,8,
807,8,
808,8,
809,8,
809,8,
809,8,
809,8,
809,8,
812,8,
813,8,
814,8,
815,8,
817,8,
817,8,
818,8,
818,8,
819,8,
819,8,
819,8,
820,8,
821,8,
821,8,
822,8,
827,8,
828,8,
828,8,
829,8,
831,8,
832,8,
833,8,
835,8,
835,8,
836,8,
836,8,
836,8,
837,8,
842,8,
842,8,
842,8,
843,8,
844,8,
844,8,
846,8,
846,8,
847,8,
847,8,
847,8,
849,8,
849,8,
851,8,
854,8,
854,8,
854,8,
855,8,
856,8,
857,8,
857,8,
858,8,
858,8,
859,8,
860,8,
860,8,
860,8,
861,8,
863,8,
864,8,
865,8,
866,8,
866,8,
866,8,
867,8,
868,8,
868,8,
869,8,
870,8,
871,8,
874,8,
874,8,
874,8,
878,8,
879,8,
881,8,
883,8,
885,8,
887,8,
890,8,
890,8,
891,8,
891,8,
891,8,
892,8,
892,8,
893,8,
894,8,
894,8,
897,8,
897,8,
899,8,
899,8,
900,8,
901,8,
902,8,
905,8,
907,8,
908,8,
909,8,
910,8,
910,8,
910,8,
910,8,
912,8,
913,8,
913,8,
914,8,
914,8,
915,8,
917,8,
919,8,
921,8,
921,8,
922,8,
923,8,
923,8,
924,8,
925,8,
926,8,
926,8,
926,8,
926,8,
928,8,
929,8,
929,8,
930,8,
930,8,
931,8,
932,8,
933,8,
933,8,
933,8,
933,8,
934,8,
936,8,
937,8,
939,8,
939,8,
940,8,
941,8,
942,8,
942,8,
943,8,
944,8,
944,8,
944,8,
945,8,
946,8,
946,8,
946,8,
947,8,
949,8,
949,8,
951,8,
951,8,
952,8,
952,8,
952,8,
954,8,
957,8,
957,8,
959,8,
960,8,
960,8,
961,8,
961,8,
962,8,
965,8,
965,8,
966,8,
968,8,
969,8,
969,8,
970,8,
970,8,
971,8,
974,8,
976,8,
976,8,
977,8,
977,8,
978,8,
979,8,
979,8,
981,8,
981,8,
982,8,
982,8,
984,8,
987,8,
987,8,
988,8,
989,8,
990,8,
990,8,
990,8,
990,8,
991,8,
993,8,
998,8,
998,8,
11,9,
14,9,
15,9,
15,9,
17,9,
19,9,
21,9,
22,9,
22,9,
22,9,
23,9,
25,9,
26,9,
27,9,
28,9,
28,9,
30,9,
31,9,
32,9,
32,9,
34,9,
35,9,
35,9,
35,9,
36,9,
38,9,
39,9,
39,9,
40,9,
40,9,
43,9,
43,9,
43,9,
44,9,
46,9,
47,9,
50,9,
51,9,
51,9,
52,9,
53,9,
54,9,
55,9,
55,9,
55,9,
56,9,
59,9,
61,9,
63,9,
66,9,
66,9,
67,9,
68,9,
68,9,
69,9,
71,9,
71,9,
73,9,
73,9,
74,9,
76,9,
77,9,
78,9,
81,9,
82,9,
84,9,
85,9,
86,9,
93,9,
94,9,
94,9,
96,9,
98,9,
98,9,
98,9,
100,9,
101,9,
102,9,
102,9,
103,9,
104,9,
104,9,
105,9,
106,9,
107,9,
108,9,
108,9,
110,9,
110,9,
111,9,
112,9,
112,9,
112,9,
112,9,
115,9,
118,9,
118,9,
119,9,
119,9,
125,9,
125,9,
128,9,
129,9,
130,9,
130,9,
131,9,
131,9,
132,9,
132,9,
132,9,
133,9,
133,9,
133,9,
134,9,
136,9,
136,9,
137,9,
137,9,
140,9,
140,9,
146,9,
146,9,
147,9,
147,9,
148,9,
148,9,
149,9,
149,9,
149,9,
150,9,
152,9,
152,9,
152,9,
152,9,
154,9,
154,9,
155,9,
156,9,
157,9,
157,9,
158,9,
158,9,
160,9,
160,9,
161,9,
161,9,
162,9,
162,9,
163,9,
163,9,
164,9,
168,9,
169,9,
169,9,
171,9,
171,9,
171,9,
172,9,
172,9,
173,9,
173,9,
174,9,
175,9,
175,9,
175,9,
176,9,
177,9,
179,9,
182,9,
184,9,
184,9,
185,9,
186,9,
186,9,
187,9,
188,9,
188,9,
189,9,
190,9,
192,9,
192,9,
193,9,
193,9,
194,9,
195,9,
196,9,
196,9,
198,9,
199,9,
199,9,
200,9,
202,9,
203,9,
206,9,
207,9,
208,9,
208,9,
208,9,
209,9,
211,9,
211,9,
212,9,
216,9,
217,9,
219,9,
219,9,
221,9,
221,9,
221,9,
221,9,
222,9,
222,9,
223,9,
224,9,
226,9,
228,9,
230,9,
232,9,
232,9,
233,9,
234,9,
234,9,
234,9,
235,9,
235,9,
237,9,
237,9,
237,9,
238,9,
239,9,
240,9,
241,9,
242,9,
243,9,
243,9,
244,9,
244,9,
244,9,
245,9,
247,9,
249,9,
250,9,
250,9,
252,9,
253,9,
255,9,
256,9,
257,9,
257,9,
258,9,
259,9,
264,9,
265,9,
266,9,
267,9,
268,9,
270,9,
270,9,
270,9,
272,9,
274,9,
275,9,
277,9,
277,9,
277,9,
278,9,
278,9,
278,9,
279,9,
282,9,
283,9,
283,9,
284,9,
285,9,
289,9,
291,9,
294,9,
294,9,
295,9,
300,9,
301,9,
301,9,
301,9,
305,9,
305,9,
306,9,
306,9,
306,9,
306,9,
307,9,
307,9,
310,9,
310,9,
311,9,
312,9,
313,9,
313,9,
314,9,
314,9,
315,9,
316,9,
317,9,
317,9,
317,9,
318,9,
320,9,
323,9,
325,9,
325,9,
326,9,
328,9,
329,9,
329,9,
330,9,
330,9,
332,9,
332,9,
336,9,
336,9,
337,9,
338,9,
338,9,
342,9,
344,9,
345,9,
346,9,
349,9,
349,9,
350,9,
350,9,
351,9,
354,9,
354,9,
357,9,
358,9,
358,9,
358,9,
360,9,
360,9,
361,9,
361,9,
363,9,
363,9,
363,9,
364,9,
365,9,
369,9,
370,9,
371,9,
375,9,
375,9,
376,9,
383,9,
384,9,
385,9,
385,9,
386,9,
387,9,
387,9,
388,9,
389,9,
389,9,
393,9,
393,9,
393,9,
393,9,
394,9,
395,9,
395,9,
396,9,
396,9,
398,9,
399,9,
400,9,
400,9,
401,9,
401,9,
402,9,
403,9,
403,9,
406,9,
407,9,
411,9,
413,9,
417,9,
418,9,
418,9,
418,9,
419,9,
420,9,
420,9,
420,9,
421,9,
421,9,
421,9,
421,9,
421,9,
422,9,
422,9,
425,9,
425,9,
428,9,
429,9,
430,9,
430,9,
430,9,
431,9,
431,9,
431,9,
432,9,
434,9,
434,9,
434,9,
436,9,
436,9,
437,9,
438,9,
439,9,
440,9,
441,9,
442,9,
443,9,
446,9,
448,9,
448,9,
449,9,
450,9,
451,9,
451,9,
454,9,
455,9,
456,9,
457,9,
462,9,
463,9,
463,9,
464,9,
465,9,
466,9,
466,9,
468,9,
468,9,
469,9,
470,9,
470,9,
472,9,
473,9,
473,9,
474,9,
475,9,
476,9,
477,9,
479,9,
481,9,
481,9,
483,9,
483,9,
483,9,
484,9,
486,9,
488,9,
488,9,
489,9,
491,9,
491,9,
495,9,
495,9,
495,9,
497,9,
499,9,
499,9,
501,9,
501,9,
503,9,
507,9,
508,9,
509,9,
510,9,
510,9,
510,9,
511,9,
512,9,
512,9,
512,9,
513,9,
516,9,
516,9,
516,9,
517,9,
517,9,
518,9,
518,9,
518,9,
518,9,
519,9,
519,9,
520,9,
521,9,
524,9,
526,9,
526,9,
526,9,
528,9,
529,9,
530,9,
532,9,
532,9,
532,9,
534,9,
535,9,
536,9,
537,9,
537,9,
538,9,
540,9,
540,9,
541,9,
541,9,
541,9,
542,9,
542,9,
543,9,
544,9,
544,9,
544,9,
544,9,
545,9,
545,9,
547,9,
547,9,
548,9,
548,9,
548,9,
548,9,
549,9,
549,9,
552,9,
552,9,
552,9,
553,9,
555,9,
556,9,
556,9,
557,9,
557,9,
557,9,
559,9,
560,9,
561,9,
562,9,
563,9,
567,9,
567,9,
568,9,
569,9,
569,9,
571,9,
572,9,
573,9,
574,9,
575,9,
579,9,
580,9,
581,9,
581,9,
582,9,
582,9,
582,9,
584,9,
584,9,
585,9,
586,9,
586,9,
586,9,
587,9,
588,9,
589,9,
589,9,
590,9,
591,9,
591,9,
591,9,
591,9,
592,9,
593,9,
593,9,
596,9,
597,9,
597,9,
597,9,
599,9,
601,9,
601,9,
603,9,
603,9,
603,9,
607,9,
608,9,
609,9,
610,9,
610,9,
611,9,
611,9,
611,9,
613,9,
613,9,
614,9,
614,9,
615,9,
615,9,
615,9,
616,9,
619,9,
619,9,
620,9,
620,9,
620,9,
621,9,
624,9,
624,9,
624,9,
626,9,
626,9,
626,9,
628,9,
628,9,
630,9,
631,9,
631,9,
632,9,
633,9,
636,9,
637,9,
638,9,
638,9,
640,9,
640,9,
640,9,
641,9,
641,9,
642,9,
645,9,
647,9,
649,9,
649,9,
649,9,
650,9,
651,9,
651,9,
653,9,
656,9,
656,9,
657,9,
658,9,
658,9,
659,9,
660,9,
661,9,
661,9,
661,9,
662,9,
662,9,
663,9,
664,9,
665,9,
665,9,
666,9,
666,9,
667,9,
668,9,
668,9,
668,9,
669,9,
669,9,
672,9,
673,9,
673,9,
674,9,
675,9,
676,9,
676,9,
676,9,
676,9,
677,9,
677,9,
678,9,
679,9,
680,9,
681,9,
683,9,
684,9,
684,9,
688,9,
688,9,
689,9,
689,9,
690,9,
690,9,
694,9,
694,9,
697,9,
698,9,
701,9,
705,9,
706,9,
707,9,
708,9,
709,9,
710,9,
711,9,
711,9,
714,9,
714,9,
717,9,
723,9,
723,9,
724,9,
725,9,
727,9,
730,9,
732,9,
734,9,
738,9,
740,9,
743,9,
743,9,
743,9,
745,9,
747,9,
748,9,
752,9,
752,9,
753,9,
756,9,
756,9,
756,9,
757,9,
758,9,
759,9,
760,9,
760,9,
761,9,
761,9,
762,9,
763,9,
767,9,
770,9,
770,9,
771,9,
771,9,
772,9,
773,9,
775,9,
776,9,
776,9,
777,9,
777,9,
782,9,
784,9,
785,9,
787,9,
790,9,
791,9,
792,9,
793,9,
794,9,
794,9,
796,9,
796,9,
798,9,
799,9,
799,9,
800,9,
800,9,
800,9,
801,9,
801,9,
802,9,
803,9,
804,9,
804,9,
805,9,
805,9,
806,9,
807,9,
808,9,
809,9,
809,9,
809,9,
809,9,
809,9,
812,9,
813,9,
814,9,
815,9,
817,9,
817,9,
818,9,
818,9,
819,9,
819,9,
819,9,
820,9,
821,9,
821,9,
822,9,
827,9,
828,9,
828,9,
829,9,
831,9,
832,9,
833,9,
835,9,
835,9,
836,9,
836,9,
836,9,
837,9,
842,9,
842,9,
842,9,
843,9,
844,9,
844,9,
846,9,
846,9,
847,9,
847,9,
847,9,
849,9,
849,9,
851,9,
854,9,
854,9,
854,9,
855,9,
856,9,
857,9,
857,9,
858,9,
858,9,
859,9,
860,9,
860,9,
860,9,
861,9,
863,9,
864,9,
865,9,
866,9,
866,9,
866,9,
867,9,
868,9,
868,9,
869,9,
870,9,
871,9,
874,9,
874,9,
874,9,
878,9,
879,9,
881,9,
883,9,
885,9,
887,9,
890,9,
890,9,
891,9,
891,9,
891,9,
892,9,
892,9,
893,9,
894,9,
894,9,
897,9,
897,9,
899,9,
899,9,
900,9,
901,9,
902,9,
905,9,
907,9,
908,9,
909,9,
910,9,
910,9,
910,9,
910,9,
912,9,
913,9,
913,9,
914,9,
914,9,
915,9,
917,9,
919,9,
921,9,
921,9,
922,9,
923,9,
923,9,
924,9,
925,9,
926,9,
926,9,
926,9,
926,9,
928,9,
929,9,
929,9,
930,9,
930,9,
931,9,
932,9,
933,9,
933,9,
933,9,
933,9,
934,9,
936,9,
937,9,
939,9,
939,9,
940,9,
941,9,
942,9,
942,9,
943,9,
944,9,
944,9,
944,9,
945,9,
946,9,
946,9,
946,9,
947,9,
949,9,
949,9,
951,9,
951,9,
952,9,
952,9,
952,9,
954,9,
957,9,
957,9,
959,9,
960,9,
960,9,
961,9,
961,9,
962,9,
965,9,
965,9,
966,9,
968,9,
969,9,
969,9,
970,9,
970,9,
971,9,
974,9,
976,9,
976,9,
977,9,
977,9,
978,9,
979,9,
979,9,
981,9,
981,9,
982,9,
982,9,
984,9,
987,9,
987,9,
988,9,
989,9,
990,9,
990,9,
990,9,
990,9,
991,9,
993,9,
998,9,
998,9,
11,10,
14,10,
15,10,
15,10,
17,10,
19,10,
21,10,
22,10,
22,10,
22,10,
23,10,
25,10,
26,10,
27,10,
28,10,
28,10,
30,10,
31,10,
32,10,
32,10,
34,10,
35,10,
35,10,
35,10,
36,10,
38,10,
39,10,
39,10,
40,10,
40,10,
43,10,
43,10,
43,10,
44,10,
46,10,
47,10,
50,10,
51,10,
51,10,
52,10,
53,10,
54,10,
55,10,
55,10,
55,10,
56,10,
59,10,
61,10,
63,10,
66,10,
66,10,
67,10,
68,10,
68,10,
69,10,
71,10,
71,10,
73,10,
73,10,
74,10,
76,10,
77,10,
78,10,
81,10,
82,10,
84,10,
85,10,
86,10,
93,10,
94,10,
94,10,
96,10,
98,10,
98,10,
98,10,
100,10,
101,10,
102,10,
102,10,
103,10,
104,10,
104,10,
105,10,
106,10,
107,10,
108,10,
108,10,
110,10,
110,10,
111,10,
112,10,
112,10,
112,10,
112,10,
115,10,
118,10,
118,10,
119,10,
119,10,
125,10,
125,10,
128,10,
129,10,
130,10,
130,10,
131,10,
131,10,
132,10,
132,10,
132,10,
133,10,
133,10,
133,10,
134,10,
136,10,
136,10,
137,10,
137,10,
140,10,
140,10,
146,10,
146,10,
147,10,
147,10,
148,10,
148,10,
149,10,
149,10,
149,10,
150,10,
152,10,
152,10,
152,10,
152,10,
154,10,
154,10,
155,10,
156,10,
157,10,
157,10,
158,10,
158,10,
160,10,
160,10,
161,10,
161,10,
162,10,
162,10,
163,10,
163,10,
164,10,
168,10,
169,10,
169,10,
171,10,
171,10,
171,10,
172,10,
172,10,
173,10,
173,10,
174,10,
175,10,
175,10,
175,10,
176,10,
177,10,
179,10,
182,10,
184,10,
184,10,
185,10,
186,10,
186,10,
187,10,
188,10,
188,10,
189,10,
190,10,
192,10,
192,10,
193,10,
193,10,
194,10,
195,10,
196,10,
196,10,
198,10,
199,10,
199,10,
200,10,
202,10,
203,10,
206,10,
207,10,
208,10,
208,10,
208,10,
209,10,
211,10,
211,10,
212,10,
216,10,
217,10,
219,10,
219,10,
221,10,
221,10,
221,10,
221,10,
222,10,
222,10,
223,10,
224,10,
226,10,
228,10,
230,10,
232,10,
232,10,
233,10,
234,10,
234,10,
234,10,
235,10,
235,10,
237,10,
237,10,
237,10,
238,10,
239,10,
240,10,
241,10,
242,10,
243,10,
243,10,
244,10,
244,10,
244,10,
245,10,
247,10,
249,10,
250,10,
250,10,
252,10,
253,10,
255,10,
256,10,
257,10,
257,10,
258,10,
259,10,
264,10,
265,10,
266,10,
267,10,
268,10,
270,10,
270,10,
270,10,
272,10,
274,10,
275,10,
277,10,
277,10,
277,10,
278,10,
278,10,
278,10,
279,10,
282,10,
283,10,
283,10,
284,10,
285,10,
289,10,
291,10,
294,10,
294,10,
295,10,
300,10,
301,10,
301,10,
301,10,
305,10,
305,10,
306,10,
306,10,
306,10,
306,10,
307,10,
307,10,
310,10,
310,10,
311,10,
312,10,
313,10,
313,10,
314,10,
314,10,
315,10,
316,10,
317,10,
317,10,
317,10,
318,10,
320,10,
323,10,
325,10,
325,10,
326,10,
328,10,
329,10,
329,10,
330,10,
330,10,
332,10,
332,10,
336,10,
336,10,
337,10,
338,10,
338,10,
342,10,
344,10,
345,10,
346,10,
349,10,
349,10,
350,10,
350,10,
351,10,
354,10,
354,10,
357,10,
358,10,
358,10,
358,10,
360,10,
360,10,
361,10,
361,10,
363,10,
363,10,
363,10,
364,10,
365,10,
369,10,
370,10,
371,10,
375,10,
375,10,
376,10,
383,10,
384,10,
385,10,
385,10,
386,10,
387,10,
387,10,
388,10,
389,10,
389,10,
393,10,
393,10,
393,10,
393,10,
394,10,
395,10,
395,10,
396,10,
396,10,
398,10,
399,10,
400,10,
400,10,
401,10,
401,10,
402,10,
403,10,
403,10,
406,10,
407,10,
411,10,
413,10,
417,10,
418,10,
418,10,
418,10,
419,10,
420,10,
420,10,
420,10,
421,10,
421,10,
421,10,
421,10,
421,10,
422,10,
422,10,
425,10,
425,10,
428,10,
429,10,
430,10,
430,10,
430,10,
431,10,
431,10,
431,10,
432,10,
434,10,
434,10,
434,10,
436,10,
436,10,
437,10,
438,10,
439,10,
440,10,
441,10,
442,10,
443,10,
446,10,
448,10,
448,10,
449,10,
450,10,
451,10,
451,10,
454,10,
455,10,
456,10,
457,10,
462,10,
463,10,
463,10,
464,10,
465,10,
466,10,
466,10,
468,10,
468,10,
469,10,
470,10,
470,10,
472,10,
473,10,
473,10,
474,10,
475,10,
476,10,
477,10,
479,10,
481,10,
481,10,
483,10,
483,10,
483,10,
484,10,
486,10,
488,10,
488,10,
489,10,
491,10,
491,10,
495,10,
495,10,
495,10,
497,10,
499,10,
499,10,
501,10,
501,10,
503,10,
507,10,
508,10,
509,10,
510,10,
510,10,
510,10,
511,10,
512,10,
512,10,
512,10,
513,10,
516,10,
516,10,
516,10,
517,10,
517,10,
518,10,
518,10,
518,10,
518,10,
519,10,
519,10,
520,10,
521,10,
524,10,
526,10,
526,10,
526,10,
528,10,
529,10,
530,10,
532,10,
532,10,
532,10,
534,10,
535,10,
536,10,
537,10,
537,10,
538,10,
540,10,
540,10,
541,10,
541,10,
541,10,
542,10,
542,10,
543,10,
544,10,
544,10,
544,10,
544,10,
545,10,
545,10,
547,10,
547,10,
548,10,
548,10,
548,10,
548,10,
549,10,
549,10,
552,10,
552,10,
552,10,
553,10,
555,10,
556,10,
556,10,
557,10,
557,10,
557,10,
559,10,
560,10,
561,10,
562,10,
563,10,
567,10,
567,10,
568,10,
569,10,
569,10,
571,10,
572,10,
573,10,
574,10,
575,10,
579,10,
580,10,
581,10,
581,10,
582,10,
582,10,
582,10,
584,10,
584,10,
585,10,
586,10,
586,10,
586,10,
587,10,
588,10,
589,10,
589,10,
590,10,
591,10,
591,10,
591,10,
591,10,
592,10,
593,10,
593,10,
596,10,
597,10,
597,10,
597,10,
599,10,
601,10,
601,10,
603,10,
603,10,
603,10,
607,10,
608,10,
609,10,
610,10,
610,10,
611,10,
611,10,
611,10,
613,10,
613,10,
614,10,
614,10,
615,10,
615,10,
615,10,
616,10,
619,10,
619,10,
620,10,
620,10,
620,10,
621,10,
624,10,
624,10,
624,10,
626,10,
626,10,
626,10,
628,10,
628,10,
630,10,
631,10,
631,10,
632,10,
633,10,
636,10,
637,10,
638,10,
638,10,
640,10,
640,10,
640,10,
641,10,
641,10,
642,10,
645,10,
647,10,
649,10,
649,10,
649,10,
650,10,
651,10,
651,10,
653,10,
656,10,
656,10,
657,10,
658,10,
658,10,
659,10,
660,10,
661,10,
661,10,
661,10,
662,10,
662,10,
663,10,
664,10,
665,10,
665,10,
666,10,
666,10,
667,10,
668,10,
668,10,
668,10,
669,10,
669,10,
672,10,
673,10,
673,10,
674,10,
675,10,
676,10,
676,10,
676,10,
676,10,
677,10,
677,10,
678,10,
679,10,
680,10,
681,10,
683,10,
684,10,
684,10,
688,10,
688,10,
689,10,
689,10,
690,10,
690,10,
694,10,
694,10,
697,10,
698,10,
701,10,
705,10,
706,10,
707,10,
708,10,
709,10,
710,10,
711,10,
711,10,
714,10,
714,10,
717,10,
723,10,
723,10,
724,10,
725,10,
727,10,
730,10,
732,10,
734,10,
738,10,
740,10,
743,10,
743,10,
743,10,
745,10,
747,10,
748,10,
752,10,
752,10,
753,10,
756,10,
756,10,
756,10,
757,10,
758,10,
759,10,
760,10,
760,10,
761,10,
761,10,
762,10,
763,10,
767,10,
770,10,
770,10,
771,10,
771,10,
772,10,
773,10,
775,10,
776,10,
776,10,
777,10,
777,10,
782,10,
784,10,
785,10,
787,10,
790,10,
791,10,
792,10,
793,10,
794,10,
794,10,
796,10,
796,10,
798,10,
799,10,
799,10,
800,10,
800,10,
800,10,
801,10,
801,10,
802,10,
803,10,
804,10,
804,10,
805,10,
805,10,
806,10,
807,10,
808,10,
809,10,
809,10,
809,10,
809,10,
809,10,
812,10,
813,10,
814,10,
815,10,
817,10,
817,10,
818,10,
818,10,
819,10,
819,10,
819,10,
820,10,
821,10,
821,10,
822,10,
827,10,
828,10,
828,10,
829,10,
831,10,
832,10,
833,10,
835,10,
835,10,
836,10,
836,10,
836,10,
837,10,
842,10,
842,10,
842,10,
843,10,
844,10,
844,10,
846,10,
846,10,
847,10,
847,10,
847,10,
849,10,
849,10,
851,10,
854,10,
854,10,
854,10,
855,10,
856,10,
857,10,
857,10,
858,10,
858,10,
859,10,
860,10,
860,10,
860,10,
861,10,
863,10,
864,10,
865,10,
866,10,
866,10,
866,10,
867,10,
868,10,
868,10,
869,10,
870,10,
871,10,
874,10,
874,10,
874,10,
878,10,
879,10,
881,10,
883,10,
885,10,
887,10,
890,10,
890,10,
891,10,
891,10,
891,10,
892,10,
892,10,
893,10,
894,10,
894,10,
897,10,
897,10,
899,10,
899,10,
900,10,
901,10,
902,10,
905,10,
907,10,
908,10,
909,10,
910,10,
910,10,
910,10,
910,10,
912,10,
913,10,
913,10,
914,10,
914,10,
915,10,
917,10,
919,10,
921,10,
921,10,
922,10,
923,10,
923,10,
924,10,
925,10,
926,10,
926,10,
926,10,
926,10,
928,10,
929,10,
929,10,
930,10,
930,10,
931,10,
932,10,
933,10,
933,10,
933,10,
933,10,
934,10,
936,10,
937,10,
939,10,
939,10,
940,10,
941,10,
942,10,
942,10,
943,10,
944,10,
944,10,
944,10,
945,10,
946,10,
946,10,
946,10,
947,10,
949,10,
949,10,
951,10,
951,10,
952,10,
952,10,
952,10,
954,10,
957,10,
957,10,
959,10,
960,10,
960,10,
961,10,
961,10,
962,10,
965,10,
965,10,
966,10,
968,10,
969,10,
969,10,
970,10,
970,10,
971,10,
974,10,
976,10,
976,10,
977,10,
977,10,
978,10,
979,10,
979,10,
981,10,
981,10,
982,10,
982,10,
984,10,
987,10,
987,10,
988,10,
989,10,
990,10,
990,10,
990,10,
990,10,
991,10,
993,10,
998,10,
998,10,
